Date,aapl,cisco,ibm,amzn
2012-01-03,53.06321780014101,15.752778176556001,160.83088120303998,179.03
2012-01-04,53.348385981787004,16.057179687214,160.17478098986,177.51
2012-01-05,53.940658359052,15.997990504586001,159.41508600619,177.61
2012-01-06,54.504542953529,15.938801321958001,157.58491172734,182.61
2012-01-09,54.41808925140099,16.040268492177,156.76478646087,178.56
2012-01-10,54.61293266963001,15.921890126921001,156.5230653297,179.34
2012-01-11,54.523898259975006,16.12482446736,157.39498798142,178.9
2012-01-12,54.374217223455,16.192469247506,155.86696511652,175.93
2012-01-13,54.170341328885,16.116368869842,154.66699235822,178.42
2012-01-17,54.801324319043,16.32353100904,155.39215575173,181.66
2012-01-18,55.370370328571994,16.522237550718998,156.3158757887,189.44
2012-01-19,55.19488221679,16.733627488676,155.8410664239,194.45
2012-01-20,54.233568663277,16.843550256414,162.74738445731,190.93
2012-01-23,55.150881153468,16.767449878749,164.00778749841,186.09
2012-01-24,54.247762554671,16.754766482472,165.69120251905,187.0
2012-01-25,57.63494118281999,16.767449878749,165.51854456822,187.8
2012-01-26,57.37299936891,16.767449878749,164.87107725258002,193.31599999999997
2012-01-27,57.71494311613201,16.539148745756,164.42216658041,195.37
2012-01-30,58.454315822391,16.539148745756,166.18327767892998,192.15
2012-01-31,58.902068578189,16.611021324661,166.26960665434999,194.44
2012-02-01,58.864648319058,16.742083086195,166.28687244943,179.46
2012-02-02,58.726580466406,16.742083086195,165.34588661738002,181.72
2012-02-03,59.314981782382,16.987295414225,167.16742799869,187.68
2012-02-06,59.868543546754,17.071851389407,166.45953040027,183.14
2012-02-07,60.495655475621994,17.080306986926,166.91707396998,184.19
2012-02-08,61.508583179659006,17.274785729846002,167.21922538394,185.48
2012-02-09,63.636376535017995,16.911195036560002,167.3752215517,184.98
2012-02-10,63.668635379096,16.822411262618,166.75990333443002,185.54
2012-02-13,64.853180133626,16.936561829115,166.93323240972,191.59
2012-02-14,65.73836281511501,16.970384219188002,166.58657425914,191.3
2012-02-15,64.217035728415,16.835094658896,166.61257362043997,184.47
2012-02-16,64.80285633686499,17.071851389407,167.27989056029,179.93
2012-02-17,64.791243152997,17.15640736459,167.62654871087,182.5
2012-02-21,66.433863493429,17.215596547218002,167.60054934958,182.26
2012-02-22,66.20030946230699,17.012662206779,168.01653913027,180.58
2012-02-23,66.63257797294699,17.105673779481002,171.25779283815,178.89
2012-02-24,67.409370938336,17.029573401816002,171.38778964462,179.13
2012-02-27,67.841639448976,17.054940194371,171.18846120803002,178.53
2012-02-28,69.086830830371,17.080306986926,171.57845162743,183.8
2012-02-29,69.993949525834,16.809727866341,170.49514490688,179.69
2012-03-01,70.255891339744,16.809727866341,171.18846120803002,180.04
2012-03-02,70.347506456924,16.708260696121,172.29776728988,179.3
2012-03-05,68.796501233673,16.572971135829,173.90106123629,180.26
2012-03-06,68.422298642373,16.47150396561,170.95446695639998,181.09
2012-03-07,68.477783854186,16.412314782981998,171.39645609838,183.77
2012-03-08,69.935883606494,16.640615915975,173.16441266632,187.64
2012-03-09,70.346216103161,16.742083086195,173.86639542123,184.32
2012-03-12,71.22752772336099,16.767449878749,174.19572066428,183.39
2012-03-13,73.30499728196,17.097218181962,176.60499481078,184.59
2012-03-14,76.07667716510801,17.076079188167,177.41964146463002,182.26
2012-03-15,75.55795495234,16.835094658896,178.52894754647,184.43
2012-03-16,75.559245306103,16.936561829115,178.53761400023998,185.05
2012-03-19,77.563164700204,17.029573401816002,178.28628684107,185.52
2012-03-20,78.190276629073,17.393164095102,177.01231813771,192.33
2012-03-21,77.74381422703901,17.333974912474,177.39364210334,191.73
2012-03-22,77.336062437898,17.232507742255002,178.08695840448996,192.4
2012-03-23,76.911536049836,17.359341705029,178.07829195073,195.04
2012-03-26,78.321892712909,17.621465228096,180.06290986277,202.87
2012-03-27,79.289658035238,17.680654410724,179.55158909067,205.44
2012-03-28,79.69482911685199,17.824399568533995,179.64692008208004,201.16
2012-03-29,78.693514596683,17.782121580943,180.49623255099,204.61
2012-03-30,77.363159866923,17.883588751161994,180.82555779403998,202.51
2012-04-02,79.825154846926,17.917411141235,181.53620700272,198.05
2012-04-03,81.204543019685,17.672198813205,181.56220636401002,199.66
2012-04-04,80.558075784369,17.281746774105,178.5722798153,193.99
2012-04-05,81.767137260398,17.162913544813,178.06962549696,194.39
2012-04-09,82.09617746999001,16.942223261843,177.61030344744995,191.87
2012-04-10,81.090991888531,16.594211661775,175.34835901494,186.98
2012-04-11,80.801952645596,16.988907744779,175.56502035904998,187.97
2012-04-12,80.35936130485099,17.027104139909,177.9396286905,190.69
2012-04-13,78.096080804366,16.848854295971,175.75568234187,188.46
2012-04-16,74.857292858974,16.742753198389998,175.68635071174995,185.5
2012-04-17,78.672868936474,17.044080315522002,179.78558334231002,188.39
2012-04-18,78.497380824692,17.027104139909,173.44173918678,191.07
2012-04-19,75.800541459803,16.895538778907,172.90441905338002,191.1
2012-04-20,73.934689918354,16.899782822811,172.98241713726003,189.98
2012-04-23,73.769524636677,16.70455680326,172.13310466835,188.24
2012-04-24,72.29594063921199,16.48386652029,173.32907528784,190.33
2012-04-25,78.711579549367,16.543283134935994,176.42299928173,194.42
2012-04-26,78.414798183853,16.636652100808,178.16495648836997,195.99
2012-04-27,77.808331915194,16.959199437456,179.23093030139,226.85
2012-04-30,75.354079057769,17.107740974071,179.46492455303002,231.9
2012-05-01,75.115363611595,16.959199437456,180.26223829935,230.04
2012-05-02,75.61214981039001,16.840366208165,180.31423702194002,230.25
2012-05-03,75.075362644939,16.738509154486998,179.60358781326,229.45
2012-05-04,72.937246459475,16.229223886094,177.65363571627,223.99
2012-05-07,73.483066101268,16.195271534868,176.57899544948998,225.16
2012-05-08,73.315320112064,15.881212286026999,175.34835901494,223.9
2012-05-09,73.444355488375,15.940628900672,175.13078362406998,222.98
2012-05-10,73.61726289263099,14.268475602785001,174.58249363906003,226.69
2012-05-11,73.125638108888,14.009588924686,175.07856553026005,227.68
2012-05-14,72.03012776401201,14.179350680816,173.57294382538998,222.93
2012-05-15,71.378499113645,14.039297232008,173.22482319999,224.39
2012-05-16,70.462993118722,14.166618549106,173.82533127881,224.06
2012-05-17,68.404233689689,14.047785319814999,172.22397640196,218.36
2012-05-18,68.43778288753,13.979880617363,170.47467025932,213.85
2012-05-21,72.424976015522,14.149642373492998,172.11083719869995,218.11
2012-05-22,71.868833543624,14.200570900333,171.29275372901,215.33
2012-05-23,73.622424307683,14.166618549106,170.68354263456,217.28
2012-05-24,72.946278935817,13.911975914910002,170.65743358765,215.24
2012-05-25,72.555301745596,13.861047388071,169.09959378898,212.89
2012-05-29,73.843074801174,14.081737671041,170.97944516615,214.75
2012-05-30,74.73341889771599,13.911975914910002,169.29976314857996,209.23
2012-05-31,74.547607955829,13.861047388071,167.88117160007,212.91
2012-06-01,72.387555756392,13.546988139228999,164.55661962748002,208.22
2012-06-04,72.813372498217,13.674309456327,164.08665678319,214.57
2012-06-05,72.624980848804,13.682797544133999,164.6610558151,213.21
2012-06-06,73.738556146363,14.162374505203,168.82980030429,217.64
2012-06-07,73.772105344203,14.073249583234999,169.22143600786995,218.8
2012-06-08,74.881809580473,14.200570900333,169.83064710232,218.48
2012-06-11,73.701135887233,13.984124661266,167.5417539903,216.5
2012-06-12,74.345022415022,14.251499427172,169.31716917985,216.42
2012-06-13,73.82888090978001,14.136910241784001,168.05523191277,214.73
2012-06-14,73.747588622704,14.361844568657,169.79583503978,214.45
2012-06-15,74.083080601111,14.514630149173998,173.2770412938,218.35
2012-06-18,75.586342735128,14.548582500401,172.57209702736,222.66
2012-06-19,75.79667039851401,14.582534851626999,173.12909002801,224.03
2012-06-20,75.581310355452,14.862641749242,172.99854479348,223.02
2012-06-21,74.53986583325,14.36608861256,168.30761936618998,220.575
2012-06-22,75.111492550306,14.540094412594,168.57741285088002,222.16
2012-06-25,73.648876559827,14.374576700367,167.84635953753,220.07
2012-06-26,73.811461133978,14.272719646688001,167.05438511474,225.61
2012-06-27,74.130823690346,14.200570900333,167.96820175642,225.62
2012-06-28,73.427580889454,13.988368705169,166.57571925481,221.31
2012-06-29,75.356659765295,14.574046763820002,170.21357979026,228.35
2012-07-02,76.45604117146,14.565558676014,170.43115518113999,229.32
2012-07-03,77.345094914239,14.625253588620001,170.51818533749,229.53
2012-07-05,78.703837426788,14.4461688508,169.96119233685,227.06
2012-07-06,78.179953798968,14.301195491612999,166.58442227045,225.05
2012-07-09,79.213527163214,14.198861355716,165.07009754995002,225.05
2012-07-10,78.480606225771,13.994193083922,162.1023692184,219.5
2012-07-11,77.992852503318,13.968609549946999,161.22336463926,218.37
2012-07-12,77.279286872321,13.627495763624001,159.34351326209,215.36
2012-07-13,78.062531606525,13.908914637341,161.88479382751999,218.39
2012-07-16,78.312860236568,13.806580501444,160.82302592005,216.01
2012-07-17,78.316731297857,13.840691880076001,159.83088213765,216.93
2012-07-18,78.228987241966,14.241500579005999,163.83426932977,217.47
2012-07-19,79.269012375028,14.220180967361,170.00470741502,226.17
2012-07-20,77.976077904397,13.951553860631002,167.48953589648997,228.29
2012-07-23,77.915431277531,13.704246365546998,166.07964736361998,226.01
2012-07-24,77.539938332468,12.894101123028,165.6531995975,223.04
2012-07-25,74.191470317212,13.149936462771,166.29722275449,217.05
2012-07-26,74.179857133344,13.115825084138999,168.79498824175,220.01
2012-07-27,75.506340801816,13.380188268539,170.9185240567,237.32
2012-07-30,76.77991996600001,13.533689472385001,171.17091151012,236.09
2012-07-31,78.80964643536299,13.601912229649999,170.56170041567,233.3
2012-08-01,78.299956698937,13.627495763624001,169.86545916486,232.09
2012-08-02,78.426411367721,13.42282749183,169.23013902350002,230.81
2012-08-03,79.44708119433601,13.943026015973,172.77226638697,234.97
2012-08-06,80.330973522063,14.232972734348,172.98113876221,233.99
2012-08-07,80.119871646419,14.616725743962,173.99939159151,236.56
2012-08-08,79.983868359788,14.633781433278001,173.95587651333,234.38
2012-08-09,80.438072884401,15.094285044814999,173.42272530661998,234.06
2012-08-10,80.563771546778,14.957839530286,174.18312128997,232.75
2012-08-13,81.639337420734,14.787282637124,173.93839614590001,232.44
2012-08-14,81.858338183022,14.642309277936,173.30910291830003,233.19
2012-08-15,81.74689400813001,14.795810481782,173.40524493918,237.42
2012-08-16,82.46091424493598,16.219960539683,175.53784976606002,241.55
2012-08-17,83.986144405956,16.254071918315,175.86997674729,241.17
2012-08-20,86.19429410381201,16.151737782418,175.24068351968998,240.35
2012-08-21,85.016614264955,16.339350364896,173.6237495321,239.45
2012-08-22,86.676354953344,16.389664648379,172.40012381176,243.1
2012-08-23,85.867736754129,16.309502908593,171.04539533568,241.19799999999998
2012-08-24,85.94445181405399,16.373461743527994,172.85461336503002,245.74
2012-08-27,87.55883731498699,16.509907258058,171.03665515196002,243.92
2012-08-28,87.444801415098,16.390517432844,170.31996008719,246.11
2012-08-29,87.27193335776501,16.373461743527994,170.50350394523997,247.12
2012-08-30,86.02816453147301,16.117626403785998,169.00893252969,246.22
2012-08-31,86.20595686629999,16.271127607630998,170.30247971976004,248.27
2012-09-04,87.466831077576,16.198640928037,170.03153402453998,247.88
2012-09-05,86.85259225317301,16.117626403785998,170.46854321037,246.22
2012-09-06,87.63529320241302,16.821173588078,174.01705779935003,251.38
2012-09-07,88.175667864388,16.680464151219002,174.36666514802,259.14
2012-09-10,85.881991241615,16.330822520237998,175.63399178694004,257.09
2012-09-11,85.603380804385,16.237016228999,177.66171440921002,255.67
2012-09-12,86.795574303228,16.271127607630998,178.09872359505005,255.63
2012-09-13,88.504816939068,16.509907258058,180.36243117766998,260.24
2012-09-14,89.580382813024,16.620769238613,180.75573944492,261.27
2012-09-17,90.68199552320401,16.339350364896,181.05290569129002,258.0
2012-09-18,90.957884649187,16.241280151328002,180.98298422156003,258.75
2012-09-19,90.982506036663,16.305238986263,180.42361246369,261.68
2012-09-20,90.54191278709,16.296711141605,180.20510787077,260.81
2012-09-21,90.72268560566499,16.117626403785998,180.03030419643997,257.47
2012-09-24,89.516885550586,16.036611879534,179.42723151998,254.805
2012-09-25,87.28152274025602,15.917222054321,179.15628582477,252.46
2012-09-26,86.19818169130802,15.840471452397999,178.29974782053,249.67
2012-09-27,88.28970376427702,16.028084034876002,179.96912291042,256.59
2012-09-28,86.447635222316,16.283919374618,181.31511120279,254.32
2012-10-01,85.447877304536,16.237016228999,183.95464668523,252.01
2012-10-02,85.696682904295,16.211432695025,183.40401511108,250.6
2012-10-03,87.01068747801901,16.262979380859,183.9896074201,255.92
2012-10-04,86.40811141610399,16.232910480789002,183.8847252155,260.47
2012-10-05,84.566690805392,16.202841580719,184.05952888983,258.51
2012-10-08,82.698057082206,16.237206037942,183.38653474365,259.06
2012-10-09,82.397416982498,16.151294894884,181.78708112349,250.96
2012-10-10,83.053123406862,15.730330293900002,179.89046125696999,244.99
2012-10-11,81.393123545973,15.687374722370999,179.83802015466995,244.22
2012-10-12,81.60227575326999,15.811945879805,181.62101763286998,242.36
2012-10-15,82.256167970135,15.936517037239001,182.60865839285998,244.18
2012-10-16,84.204173271369,16.196484156131998,184.41787642222,243.94
2012-10-17,83.533059041896,16.069679308979,175.35430590801002,247.49
2012-10-18,81.981445120402,15.983768165921,170.39862174063998,244.85
2012-10-19,79.026878623271,15.498456118787,169.00019234597,240.0
2012-10-22,82.16157000772701,15.627236922230999,169.90917145251,233.78
2012-10-23,79.482426126078,15.472596864727,167.15601358175,234.31
2012-10-24,79.932686509891,14.931356663462,166.69278384476004,228.49
2012-10-25,78.987743575809,14.776716605957999,167.46192001183002,222.92
2012-10-26,78.27009492400501,14.854036634709999,168.92153069251998,238.24
2012-10-31,77.145286275098,14.729465477276001,170.02279384082,232.8931
2012-11-01,77.303368541319,15.038745592284,172.31272197459995,232.14
2012-11-02,74.745348927428,14.905583320545,169.06137363199,232.4224
2012-11-05,75.758855946319,14.948538892073,169.68192667587,234.33
2012-11-06,75.52928094604201,15.017267806520001,170.49476376152,237.56
2012-11-07,72.652777205834,14.785307720262999,167.82026754422,232.0608
2012-11-08,70.015946079104,14.458845376643,166.88968853398,227.35
2012-11-09,71.22812359281201,14.450254262338,166.48585235973,226.31
2012-11-12,70.67737054415599,14.480323162407998,166.14346951634,226.47
2012-11-13,70.686224257468,14.476027605255,165.32701812056,226.6
2012-11-14,69.90267062938001,15.172595153168,162.86010583871,222.95
2012-11-15,68.436599866292,15.413575909446001,163.15859344577,220.59900000000002
2012-11-16,68.704554895638,15.455414636115,164.1155095978,225.23
2012-11-19,73.65898870354499,15.722426468739,167.10916471564,229.71
2012-11-20,73.031859357409,15.756103636817999,166.09957428001005,233.78
2012-11-21,73.134275988159,15.876379237098998,167.05649043204,238.03
2012-11-23,74.410252318378,16.185659352107,169.86578555728002,239.88
2012-11-26,76.757788362648,16.370368309682,169.33026367403,243.62
2012-11-27,76.13933044749099,16.408770590629,167.88172087508002,243.4017
2012-11-28,75.899759381409,16.296521053684,168.54014942006,247.11
2012-11-29,76.735654079369,16.452302986221,168.14509229306998,251.27
2012-11-30,76.204431280666,16.365757468145002,166.86335139218,252.05
2012-12-03,76.322914797043,16.469785180871998,166.34538760346,250.3291
2012-12-04,74.976030639331,16.590775815142,166.24003903627,252.4881
2012-12-05,70.15165527593899,16.625394022372,165.61672668035,253.96
2012-12-06,71.252145800253,16.859066921177,166.53852664331998,253.37
2012-12-07,69.430038580534,16.733575919967002,168.51381227826,253.2681
2012-12-10,68.983564046457,17.127358027212,169.10200844511004,247.77
2012-12-11,70.489619741281,17.118703475405,170.4890979132,250.69
2012-12-12,70.17869816204,17.075430716367,169.3917170049,251.76
2012-12-13,68.96652064833201,17.084085268174,168.54892846733,251.25
2012-12-14,66.376028294655,17.187939889865,168.3470103802,249.19
2012-12-17,67.552530551783,17.404303685055,169.97991317174998,253.86
2012-12-18,69.51466966366101,17.639188221113,171.79717595589,260.4
2012-12-19,68.526439016073,17.542516877422,171.26165407264,257.99
2012-12-20,67.930141424528,17.516812858554,170.98950360738002,261.5
2012-12-21,67.617631384958,17.274485407941,169.80433222642,256.92
2012-12-24,67.726740381358,17.161976234443,168.90886940525,258.62
2012-12-26,66.79338973613599,17.239867200711,168.51381227826,248.6314
2012-12-27,67.061670269648,17.006194301906,169.18101987051,248.31
2012-12-28,66.349362993387,16.832583992646,166.65265425779,245.18
2012-12-31,69.28979836571,17.005675028798002,168.16265038761003,250.87
2013-01-02,71.484620875519,17.60335837663,172.37659307547,257.31
2013-01-03,70.581789500889,17.698558446513,171.42845597069999,258.48
2013-01-04,68.616278165854,17.726166466779002,170.3047379206,259.15
2013-01-07,68.21265300017201,17.560345254146,169.55851890296,268.4592
2013-01-08,68.396237349724,17.577394721207,169.32148462677,266.38
2013-01-09,67.327281669,17.568740169399,168.83863702712,266.35
2013-01-10,68.161874350296,17.689903894705,169.33026367403,265.34
2013-01-11,67.74392700131601,17.724522101936,170.70857409486,267.94
2013-01-14,65.32868609054499,18.148595140507,169.10200844511004,272.73
2013-01-15,63.267593712242004,18.157249692315,168.99665987791,271.9
2013-01-16,65.893761322499,18.200522451353,169.07567130331,268.93
2013-01-17,65.449773640249,18.131286036892,170.00625031355,270.48
2013-01-18,65.100833174434,18.187540623642,170.72613218939,272.12
2013-01-22,65.721895122918,18.062049622432,172.13955879928002,270.19
2013-01-23,66.92430751165,17.845685827242,179.72465563743,268.11
2013-01-24,58.655850690165,18.191867899545,179.46128421944,273.62
2013-01-25,57.27310899354,18.304377073043998,179.94413181909005,283.99
2013-01-28,58.56861557371101,18.226486106775997,179.90901563003,276.04
2013-01-29,59.667517637696,17.984158656163,179.00477376159,260.35
2013-01-30,59.480027238153,17.811067620012,178.67116996547,272.764
2013-01-31,59.305557005246,17.802413068204,178.27611283848,265.5
2013-02-01,59.062079889174,18.027431415201,180.12849181169,265.0
2013-02-04,57.590280252766,18.018776863394,178.90820424166,259.98
2013-02-05,59.612051727831,18.243795210391,178.03029951501995,266.89
2013-02-06,59.547732104655,18.338995280274002,177.22262716651005,262.22
2013-02-07,61.308058633692,18.256777038102,176.09415754771,260.23
2013-02-08,62.193203386935,18.313031624851998,177.80449431371002,261.95
2013-02-11,62.841349323112,18.408231694735,176.46443664138005,257.21
2013-02-12,61.266158290343,18.148595140507,176.35864261461003,258.7
2013-02-13,61.149622960403995,18.295722521236,176.4027234591,269.47
2013-02-14,61.094628759759,18.165904244123002,176.01481202763,269.24
2013-02-15,60.252693735593006,18.165904244123002,177.18736249093,265.09
2013-02-19,60.230434178189,18.572668179079002,176.60549534373,269.75
2013-02-20,58.771778475359,18.26543158991,175.71506228514,266.41
2013-02-21,58.406459856786,17.966849552548002,174.85107773323998,265.94
2013-02-22,59.02841807837,18.088013277854,177.28434034878998,265.42
2013-02-25,57.97960010891999,17.880304034472,174.12815188368995,259.87
2013-02-26,58.787491104114,17.835300365073,175.56518741389,259.36
2013-02-27,58.211361383068,18.079358726047,178.37754529202,263.25
2013-02-28,57.796286106768996,18.049067794720003,177.05511995746997,264.27
2013-03-01,56.365127504261,18.027431415201,178.88888308804005,265.74
2013-03-04,55.000747573965995,17.949540448933,180.89896959653998,273.11
2013-03-05,56.45338010244001,18.363228025336,182.08033622874,275.59
2013-03-06,55.735574845445,18.793359250172998,183.71132747467,273.79
2013-03-07,56.379792624433,18.868653850899,184.62820903994998,273.88
2013-03-08,56.528800720468,18.89288659596,185.47456125406,274.19
2013-03-11,57.334072944202994,18.936159354998,185.21007618715,271.24
2013-03-12,56.098012815413,18.780377422461,185.62443612531,274.13
2013-03-13,56.087537729575004,18.672195524865998,186.95567762875,275.1
2013-03-14,56.630932807380006,18.685177352578002,190.25292479621,265.74
2013-03-15,58.09220728167,18.975104838132,189.47710193327998,261.82
2013-03-18,59.671326471629,18.754413767038,187.96953705189998,257.89
2013-03-19,59.510272026882,18.624595489925,188.17230893653,256.41
2013-03-20,59.194710066035995,18.754413767038,189.60052829783,257.278
2013-03-21,59.279820138463,18.036085967009,187.13200100669,253.39
2013-03-22,60.48183623828201,17.958195000741,186.97330996654,257.75
2013-03-25,60.700503655134,18.044740518816,185.79194333435,256.02
2013-03-26,60.380489782807,18.040413242913,187.22016269566,260.31
2013-03-27,59.194710066035995,18.027431415201,185.92418586781002,265.3
2013-03-28,57.961268708705,18.083686001951,188.04888257196998,266.49
2013-04-01,56.160863330436,18.027431415201,187.23779503345,261.61
2013-04-02,56.276351151791,18.364958935697,188.98339647505,263.322
2013-04-03,56.564154135167996,18.34505346654,187.48464776257,259.03
2013-04-04,56.005046428606995,18.35630438389,186.29446496147997,259.08
2013-04-05,55.413204078804995,17.981151775283,184.61939287106003,255.48
2013-04-08,55.80732918343001,17.946253858204,184.54004735098,258.95
2013-04-09,55.908151884613,18.295233029000002,184.45188566201,261.14
2013-04-10,57.048626855139,18.731456992496,186.90278061536998,264.77
2013-04-11,56.870550395906,18.919033296799,187.71386815389,269.85
2013-04-12,56.277398660375006,18.792528347385,186.35617814376,272.87
2013-04-15,54.97455985937199,18.365028863159,184.48715033759999,267.72
2013-04-16,55.811257340619,18.460998135128,186.90278061536998,272.34
2013-04-17,52.742057190319,17.998600733823,184.84861326237998,267.4
2013-04-18,51.334467530944,17.954978337474,182.62693870035,259.42
2013-04-19,51.13544090003701,17.850284586235002,167.50720904207,260.32
2013-04-22,52.201280883973,17.963702816744,165.59410039143998,263.55
2013-04-23,53.178082638292,18.242886153381,168.92661223448,268.9
2013-04-24,53.090615671551,17.789213231345006,169.01477392344998,268.78
2013-04-25,53.472694427463,18.007325213093,170.98959575637,274.7
2013-04-26,54.62822733388,18.033498650903002,171.30697783666,254.81
2013-04-29,56.319299003723,18.303957508270003,175.57400358279,249.74
2013-04-30,57.976981337461005,18.251610632651,178.56268483884998,253.81
2013-05-01,57.52000571781299,17.780488752076,175.99717968983998,248.23
2013-05-02,58.335753027384996,18.085845526522,178.43044230540005,252.55
2013-05-03,58.919739062809,18.173090319221,180.29947011155,258.05
2013-05-06,60.324709950724,18.155641360682,178.77427289238,255.72
2013-05-07,60.056023999,17.780488752076,179.52364724862,257.73
2013-05-08,60.734547684104996,18.077121047252,181.41030739257,258.68
2013-05-09,60.208174620784995,18.173090319221,180.01089187806,260.16
2013-05-10,59.70728563166799,18.408651259509,181.10031028492,263.63
2013-05-13,59.940594450283,18.556967407097,179.32889824125,264.51
2013-05-14,58.506470186706,18.556967407097,179.98432069741,268.33
2013-05-15,56.527958679694,18.504620531478,180.08174835981004,266.56
2013-05-16,57.282982924342,20.840163632033,181.29516560973,264.12
2013-05-17,57.109253532853,21.148137750261,184.61656319161997,269.9
2013-05-20,58.383884197264,20.890765611798,183.87257013327,267.63
2013-05-21,57.952856040840004,20.947474727053002,184.80256145619998,268.86
2013-05-22,58.176147079673,20.362934615969,183.33228945994998,262.96
2013-05-23,58.279752012685,20.511250763557,182.59715346182998,261.8
2013-05-24,58.676508817222,20.528699722097002,182.20744281222,261.74
2013-05-28,58.187351175482,20.842780975813998,184.0319972172,267.29
2013-05-29,58.650146238847,21.043443999022,184.15599606026,265.53
2013-05-30,59.524065711965,21.261555980769,185.4314127317,266.83
2013-05-31,59.280870926458995,21.039081759387,184.24456666244,269.2
2013-06-03,59.410706624954,21.270280460039,185.06827326275,266.88
2013-06-04,59.224850447413,21.2528315015,182.62372464248,265.7
2013-06-05,58.67123630154701,21.217933584420003,179.56803886715,267.17
2013-06-06,57.794680570592,21.418596607628,180.50688725029,267.83
2013-06-07,58.23638557125801,21.366249732008,182.76543760598,276.87
2013-06-10,57.85136011409799,21.2528315015,181.58744859693002,281.07
2013-06-11,57.681321483582,20.999821602672,180.66631433422,274.78
2013-06-12,56.968213738549004,20.930025768513,178.20405159352,271.67
2013-06-13,57.465807405369,21.244107022229997,180.48031606964,275.79
2013-06-14,56.686134149941,21.017270561212,179.08975761535,273.99
2013-06-17,56.943169289093,21.549463796676,179.8337506737,278.06
2013-06-18,56.912852323963,21.654157547915002,181.45459269366,281.76
2013-06-19,55.756853262236994,21.532014838137002,178.85947404968002,278.16
2013-06-20,54.944622222516,21.318265096024,174.79408340945,273.44
2013-06-21,54.504630789445,21.358397700664998,173.12009902818005,273.36
2013-06-24,53.05996149451801,20.986734883767,171.41954346625,270.61
2013-06-25,53.07182465478599,20.943112487418002,172.69496013768997,272.08799999999997
2013-06-26,52.470757867846004,21.274642699674,172.58867541506999,277.57
2013-06-27,51.905280561710995,21.488392441787,173.28838317233001,277.55
2013-06-28,52.267766014362,21.231020303325,169.26727783318995,277.69
2013-07-01,53.940471612229004,21.379336450913,169.4178478569,282.1
2013-07-02,55.162377119891005,21.366158310508002,169.6127031817,283.73
2013-07-03,55.466864900116995,21.603364837803998,171.16268871992,284.03
2013-07-05,55.021337325587,21.585793983929996,172.6506748366,285.88
2013-07-08,54.708940771848,21.634113832083006,172.69496013768997,290.59
2013-07-09,55.67117488252,22.099741459738002,169.43556197734,291.53
2013-07-10,55.45763799768601,22.323769846628,170.27698269808002,292.33
2013-07-11,56.322066942587995,22.727899485725,170.76412101008998,299.66
2013-07-12,56.219516512711,22.789397474283,170.11755561415,307.55
2013-07-15,56.342102502153,22.780612047347002,171.82696823630005,306.57
2013-07-16,56.705247019263,22.587332654734997,171.69411233302,306.87
2013-07-17,56.720405501828004,22.596118081672,172.31410654831,308.69
2013-07-18,56.91127056926,22.719114058787998,175.36093526342,304.11
2013-07-19,56.013888401388996,22.683972351041003,171.41954346625,305.23
2013-07-22,56.193153934337,22.596118081672,171.90668177826,303.48
2013-07-23,55.228283565827,22.455551250682,172.69496013768997,301.06
2013-07-24,58.064896998932,22.481907531492,174.13866095328999,298.94
2013-07-25,57.799953086267,22.40283868906,174.67894162661,303.4
2013-07-26,58.128167187031,22.399324518286,174.79408340945,312.01
2013-07-29,59.024494851766995,22.253486431133,173.78437854455,306.1
2013-07-30,59.753420143823995,22.552190946988002,173.60723734018998,302.41
2013-07-31,59.649287959244006,22.481907531492,172.74810249901,301.22
2013-08-01,60.195784208949,22.746348882293,173.43009613582,305.57
2013-08-02,60.968735006892004,23.009033147706,172.85438722163002,304.21
2013-08-05,61.879562089734,23.114458270948,173.15552726905,300.99
2013-08-06,61.325947943867,23.026604001579,169.16099311057,300.75
2013-08-07,61.290358463062,22.947535159147,167.85014819825,296.91
2013-08-08,61.16909060253899,23.070531136263998,167.28934212398002,295.74
2013-08-09,60.298677304882,22.88867279867,167.19142360306998,297.26
2013-08-12,62.011640059874,23.140814551759,168.32193743533998,296.69
2013-08-13,64.958572886239,23.123682969232,167.72552462619,293.97
2013-08-14,66.143449524664,23.173320631425,166.93327477523002,291.34
2013-08-15,66.065165401857,21.511117854966002,165.38438180818997,286.47
2013-08-16,66.651632898144,21.322231175823,164.98380604085,284.82
2013-08-19,67.369458498803,21.322231175823,163.99571914809,285.57
2013-08-20,66.484449856216,21.366158310508002,164.2894747108,287.09
2013-08-21,66.655613446761,21.146522637086,164.55652522236,284.57
2013-08-22,66.735224419108,21.093810075464,164.85028078507,289.73
2013-08-23,66.47781560851999,20.962028671410998,165.0550195106,290.01
2013-08-26,66.736551268647,20.9356723906,164.44970501773997,286.21
2013-08-27,64.828541631406,20.632575161277998,162.66936827401,280.93
2013-08-28,65.134513135125,20.597433453529998,162.15307061833,281.58
2013-08-29,65.241191838069,20.601826166999,162.58035143683,283.98
2013-08-30,64.646232504732,20.478830189882,162.25098913924,280.98
2013-09-03,64.827214781867,20.628182447809,163.75537368768,288.8
2013-09-04,66.168792350861,20.882959828979,163.01653393904,293.64
2013-09-05,65.714877123532,20.812676413484002,163.92450567833998,294.1
2013-09-06,66.106297737569,20.689680436368,162.92751710185,295.86
2013-09-09,67.161143121162,21.014741233032,164.66334542698,299.71
2013-09-10,65.631285602568,21.221198766049,166.1054181894,300.36
2013-09-11,62.058079793743,21.414478158661,169.75510851402996,299.64
2013-09-12,62.71885086422,21.339802029697,169.78181356519,298.86
2013-09-13,61.68523507325301,21.366158310508002,171.06365602066998,297.92
2013-09-16,59.72415145444701,21.418870872129,171.93602102508999,296.06
2013-09-17,60.414113214785004,21.410085445192,171.05475433695,304.17
2013-09-18,61.656044383392,21.78346609001,173.06653485736,312.034
2013-09-19,62.667103732194995,21.625328405145996,172.14966143433998,312.06
2013-09-20,62.018274307569,21.533081422309,169.14979402116998,316.34
2013-09-23,65.10054578692299,21.326623889291998,170.01325734187,311.49
2013-09-24,64.8962109579,21.208020625644,169.10528560257,314.13
2013-09-25,63.891785856794,21.462798006814,168.66020141664,312.65
2013-09-26,64.514078290637,20.882959828979,169.32782769553998,318.12
2013-09-27,64.053661500565,20.496401043756002,166.3902720684,316.01
2013-09-30,63.257551777098996,20.585133855819,164.84137910136005,312.64
2013-10-01,64.744950110442,20.566684459251,165.90958114759,320.95
2013-10-02,64.957246036699,20.637481996115998,164.64554205955,320.51
2013-10-03,64.141233570146,20.358716694711,163.6663568505,314.76
2013-10-04,64.09081328766,20.371991232873,163.87999725975,319.04
2013-10-07,64.71708627011999,20.256945235467,162.01954536255,310.03
2013-10-08,63.813501733985994,20.03127808671,159.09089141913,303.23
2013-10-09,64.562906353676,19.911807243251,161.40532918597,298.23
2013-10-10,64.967595463105,20.363141540765,164.47641006889,305.1740000000001
2013-10-11,65.388737506818,20.602083227684,165.71374410578002,310.889
2013-10-14,65.817044538043,20.655181380332,166.43478048699,310.7
2013-10-15,66.167332816368,20.513586306603,164.37849154799,306.4
2013-10-16,66.49028799418801,20.349867002602,166.22114007774,310.49
2013-10-17,66.939559248131,20.160483591489,155.62813645258996,310.77
2013-10-18,67.5220461958,20.319778049435,154.69345966213,328.931
2013-10-21,69.176892940979,20.292344003900002,153.87450476002,326.44
2013-10-22,68.978595277359,20.044552624873,155.75276002465,332.54
2013-10-23,69.654293405151,19.694989786602,156.46489472213997,326.756
2013-10-24,70.576453834833,19.800743607294,158.27193651702,332.21
2013-10-25,69.786712989154,19.871983628764,157.42627656375,363.39
2013-10-28,70.30657263857799,19.956055703791,157.87136074968,358.16
2013-10-29,68.55539661686,20.199422236765002,162.11746388346,362.7
2013-10-30,69.64580156810099,20.093225931467,160.36383219088998,361.08
2013-10-31,69.35469077922,19.9649053959,159.52707392134,364.03
2013-11-01,69.00015658237,19.969330241954,159.54487728878001,359.00199999999984
2013-11-04,69.891799472652,19.982604780116,160.47065239552,358.74
2013-11-05,69.719176347614,20.411814847359,158.31644493561,358.892
2013-11-06,69.522935300779,20.602083227684,160.35493050717,356.18
2013-11-07,68.39811901667599,20.451638461846002,161.07978956019,343.56
2013-11-08,69.474889042797,20.805626146170002,161.070840683,350.31
2013-11-11,69.27309475927,20.748103147467,163.65706619316,354.37800000000016
2013-11-12,69.401485037545,21.000319372549,163.82709485991,349.53
2013-11-13,69.484765218048,21.234836213414,164.25664096541,356.22
2013-11-14,70.48919893354,18.907367188979997,163.05749142091003,367.39599999999996
2013-11-15,70.06625840146499,19.057811954818,163.93448138629,369.17
2013-11-18,69.217174253451,18.840994498169,165.07993766761,366.18
2013-11-19,69.34009259679,18.956040495575,165.77795008902999,364.94
2013-11-20,68.732841280621,18.787896345521,165.72425682584998,362.57
2013-11-21,69.551763055569,19.000288956115,164.77567584288,368.92
2013-11-22,69.373458053722,18.991439264007003,162.24314359591003,372.31
2013-11-25,69.899297654976,18.823295113952998,160.13120857722998,376.64
2013-11-26,71.188538910842,18.770196961305,158.67254159399,381.37
2013-11-27,72.864819467122,18.823295113952998,160.15805520882,386.71
2013-11-29,74.21411854546601,18.805595729737,160.79342548986,393.62
2013-12-02,73.568163299256,18.664000656006998,158.82467250635,392.3
2013-12-03,75.582369203348,18.814445421845,157.57182969866003,384.66
2013-12-04,75.405932667089,18.804710760526,157.26756787393998,385.96
2013-12-05,75.793105429332,18.504706198060997,157.57182969866003,384.49
2013-12-06,74.741292764997,18.832144806061002,158.99470117311,386.95
2013-12-09,75.596783080742,18.779046653413,158.80677475196,384.89
2013-12-10,75.47933667234,18.770196961305,158.50251292723,387.78
2013-12-11,74.920131614154,18.478157121737002,156.78432850526002,382.19
2013-12-12,74.810692915416,18.150718513736997,155.14668397806003,381.25
2013-12-13,73.99524114799,17.911776826818,154.63659797779,384.24
2013-12-16,74.40496895911899,18.301163279575,159.15578096267,388.97
2013-12-17,74.069979771518,18.513555890169002,157.28546562833,387.65
2013-12-18,73.506770858501,18.584353427034,159.91643552448,395.96
2013-12-19,72.664626725528,18.646301271791,161.27666485855,395.19
2013-12-20,73.273212659974,18.69939942444,161.09768731459,402.2
2013-12-23,76.085253370232,19.088785877197,163.07538917530002,402.92
2013-12-24,75.76227574712698,19.194982182493998,163.96132801788,399.2
2013-12-26,75.259124656587,19.292328795683,165.86743886101004,404.39
2013-12-27,74.750635092938,19.487022022062,165.62581917667,398.08
2013-12-30,74.007252712486,19.690564940548,166.81601984398,393.37
2013-12-31,74.874754592726,19.849859398494,167.85408959892,398.79
2014-01-02,73.82174077194199,19.619767403683,166.02851865057,397.97
2014-01-03,72.20017956503,19.601931251498,167.02184401953002,396.44
2014-01-06,72.593891956832,19.628685479776,166.44911587887,393.63
2014-01-07,72.074391792395,19.896227762553,169.76914931925,398.03
2014-01-08,72.531164897799,19.881067033196,168.21204468683,401.92
2014-01-09,71.60480635152899,19.700030088517,167.68406093216,401.01
2014-01-10,71.127146470086,19.81596507772,167.57667440579,397.66
2014-01-13,71.499504969451,19.789210849442,164.80252247446995,390.98
2014-01-14,72.92220805304599,19.985408523479,166.37752486128,397.54
2014-01-15,74.386284303237,20.315377338905,168.00622051128,395.87
2014-01-16,73.97121801899901,20.315377338905,168.91900598546005,395.8
2014-01-17,72.158806398434,20.279705034534,170.10920665276,399.61
2014-01-21,73.279885751361,20.359967719368,168.62369303793002,407.05
2014-01-22,73.60553261102,20.36888579546,163.09328692969999,404.54
2014-01-23,74.228799346516,20.119179664868,163.52283303519,399.87
2014-01-24,72.879500268173,19.798128925535,160.75762998107,387.6
2014-01-27,73.470736165014,19.619767403683,159.20052534866002,386.28
2014-01-28,67.598415744922,19.396815501368998,158.26089324289,394.43
2014-01-29,66.831010235478,19.307634740443,157.85819376899,384.2
2014-01-30,66.701819186236,19.598364021061002,158.71728597998,403.01
2014-01-31,66.810990961318,19.53950471885,158.10876233053003,358.69
2014-02-03,66.935110461107,19.218453979517,154.72608674976001,346.15
2014-02-04,67.904043330422,19.441405881831997,154.67239348658,347.95
2014-02-05,68.411198275794,19.601931251498,155.92523629427,346.45
2014-02-06,68.80757990415,20.056753132220003,157.16018134756,354.59
2014-02-07,69.77019594659299,20.217278501886,159.48154888564,361.08
2014-02-10,71.020119984968,20.359967719368,159.38257585107002,360.87
2014-02-11,71.955884812839,20.252950806257,161.68594829196002,361.79
2014-02-12,71.950514569924,20.377803871553,162.17181591621,349.25
2014-02-13,73.093033750007,19.860555458183,163.61142369177,357.2
2014-02-14,73.033961077947,20.119179664868,165.27597018225,357.35
2014-02-18,73.302473223677,19.985408523479,164.82609275239,353.65
2014-02-19,72.145185875579,19.869473534276,164.61015158606,347.38
2014-02-20,71.310113102357,19.887309686461002,165.78883045228997,349.8
2014-02-21,70.518002272453,19.735702392887003,164.46619080850002,346.76
2014-02-24,70.826791240042,19.726784316794,165.06002901591998,351.78
2014-02-25,70.089725400012,19.477078186202,164.86208294678002,358.32
2014-02-26,69.457379296817,19.557340871035,165.60887948035,359.8
2014-02-27,70.842901968786,19.548422794942997,166.69758286061,360.13
2014-02-28,70.650915784589,19.441405881831997,166.60760737464,362.1
2014-03-03,70.854985015344,19.236290131702003,165.78883045228997,359.78
2014-03-04,71.32219614891501,19.459242034017,167.75029604648995,363.9
2014-03-05,71.472562950524,19.503832414479998,168.38012444829,372.37
2014-03-06,71.25641067321101,19.459242034017,168.83000187815,372.16
2014-03-07,71.214791290623,19.378979349184,168.86599207254,372.06
2014-03-10,71.279234205598,19.343307044813002,167.7053083035,370.53
2014-03-11,71.973338102311,19.271962436073,168.0382176016,368.82
2014-03-12,72.043151260201,19.459242034017,167.55234997735002,370.64
2014-03-13,71.242985065925,19.191699751239,165.46491870279,371.51
2014-03-14,70.442818871648,19.040003276904,163.94433298986,373.74
2014-03-17,70.718043821022,19.182781675146998,167.18345048486,375.04
2014-03-18,71.343677120574,19.289798588257998,168.08320534458,378.77
2014-03-19,71.324881270372,19.289798588257998,166.19372013917,373.23
2014-03-20,70.981185723837,19.468160110109,169.06393814168,368.97
2014-03-21,71.541033547685,19.29871666435,167.95723966422,360.62
2014-03-24,72.389531928194,19.236290131702003,169.37885234258005,351.85
2014-03-25,73.168217150812,19.922981990831,175.48818784008995,354.71
2014-03-26,72.468743011184,19.905145838646,173.31078107956,343.41
2014-03-27,72.157268922137,19.637603555868,170.80046502094,338.47
2014-03-28,72.07671527841799,19.914063914739,171.35831303397,338.29
2014-03-31,72.060604549674,19.989867561525,173.19381294779998,336.365
2014-04-01,72.719801867442,20.770199219627,175.00232021584,342.99
2014-04-02,72.840632333021,20.671293509057,174.14755309910996,341.96
2014-04-03,72.33582949904701,20.761207791393,173.37376391974,333.62
2014-04-04,71.40006467117699,20.421062061316,172.54598944880001,323.0
2014-04-07,70.279026462752,20.545413513786,175.02031531304004,317.76
2014-04-08,70.274998780566,20.626336367889,173.91361683557997,327.07
2014-04-09,71.198680561879,20.788182076094,176.92779561563995,331.805
2014-04-10,70.280369023481,20.365584949114,176.06403095031,317.11
2014-04-11,69.760798021493,20.194747812676,175.62315106904998,311.73
2014-04-14,70.038708092324,20.545413513786,177.94451860713002,315.91
2014-04-15,69.539262075658,20.581379226721,177.26970246233998,316.08
2014-04-16,69.680244377774,20.707259221991,176.71185444931,323.68
2014-04-17,70.476382889864,20.869104930196,170.96242089568997,324.91
2014-04-21,71.31279822381501,21.039942066635,172.99586687866005,330.87
2014-04-22,71.38381968636,21.147839205438,172.88789629549996,329.32
2014-04-23,70.45087423602,21.129856348971,172.50999925441002,324.58
2014-04-24,76.226570490681,20.977002068999,171.15136941623,337.15
2014-04-25,76.786418314529,20.680284937289997,170.620514049,303.83
2014-04-28,79.76019032849399,20.698267793758,173.77865360662,296.58
2014-04-29,79.523899640251,20.824147789028,175.55117068027,300.38
2014-04-30,79.22316603703301,20.77919064786,176.77483728948997,304.13
2014-05-01,79.409781978315,20.689276365524,174.12955800191003,307.89
2014-05-02,79.557463658467,20.626336367889,172.24907034509,308.01
2014-05-05,80.682529549078,20.639823510239,172.08711447034,310.05
2014-05-06,79.803152271811,20.42852494675,170.98041599289,297.38
2014-05-07,79.523899640251,20.563396370254,171.31332529098,292.71
2014-05-08,79.382930763742,20.696469508111,170.96038183158996,288.32
2014-05-09,79.052500445124,20.698267793758,172.01921220977005,292.24
2014-05-12,80.03636600056,20.851122073729,174.27262045053,302.86
2014-05-13,80.161922771271,20.55440494202,173.92872682342,304.64
2014-05-14,80.176773572108,20.50935788657,170.78843501804,297.62
2014-05-15,79.49498680641999,21.741273468856,168.74317292,295.19
2014-05-16,80.668200072525,21.912110605294,169.28616285753,297.7
2014-05-19,81.624051617291,21.894127748827,169.23186386378,296.755
2014-05-20,81.64025249093099,21.687324899454,167.32234925013,301.19
2014-05-21,81.856264139466,22.011016315864,168.67982409396,305.01
2014-05-22,81.985871128587,21.921102033527998,168.03728600121,304.91
2014-05-23,82.91202107168,22.046982028798,168.27258164081005,312.24
2014-05-27,84.464604795524,22.217819165237003,167.22280109492,310.82
2014-05-28,84.245893001383,22.316724875806,165.68432960524999,310.16
2014-05-29,85.780925778783,22.190844880535998,166.29971820111,313.78
2014-05-30,85.459608451588,22.136896311134,166.84270813865,312.55
2014-06-02,84.872326782134,22.280759162872,168.04633583351003,308.84
2014-06-03,86.072541504305,22.186349166419,166.85175797093999,307.19
2014-06-04,87.055394505139,22.028999172330998,166.97845562303004,306.78
2014-06-05,87.396962924384,22.208827737003002,168.30878096998,323.57
2014-06-06,87.15664996538902,22.325716304039997,168.66172442937,329.67
2014-06-09,88.55127517124201,22.298742019339,168.52597694499,327.5
2014-06-10,89.07105320052902,22.478570584011003,166.7793593126,332.41
2014-06-11,88.702483325217,22.514536296946,164.93319352498997,335.2
2014-06-12,87.21875331434298,22.172862024068998,164.0010607989,325.91
2014-06-13,86.26425184238,22.208827737003002,165.21373832605,326.27
2014-06-16,87.133698727732,22.055973457032,165.02369184792,327.62
2014-06-17,87.020292612252,22.028999172330998,164.94224335728995,325.62
2014-06-18,87.11479770848602,22.145887739368,166.15492088443997,334.38
2014-06-19,86.81238140053698,22.217819165237003,165.44903396565002,327.0
2014-06-20,85.91458298631399,22.325716304039997,164.29970526454,324.2
2014-06-23,85.838978909327,22.208827737003002,164.83364536978002,327.24
2014-06-24,85.31920088004,22.055973457032,163.69336650097,324.16
2014-06-25,85.39480495702699,22.226810593470002,163.54856918429,327.44
2014-06-26,85.905132476691,22.163870595835,163.23182505406,325.69
2014-06-27,86.925787516018,22.208827737003002,164.44450258122,324.57
2014-06-30,87.82358593024,22.343699160507,164.04630996036002,324.78
2014-07-01,88.38116599802099,22.55050200988,168.64362476479,332.39
2014-07-02,88.343363959527,22.676382005151,170.48979055239,332.85
2014-07-03,88.863141988814,22.821336904105,170.61648820448,337.49199999999996
2014-07-07,90.69465075382901,22.857575628843,170.17304642217,333.55
2014-07-08,90.11060925910299,22.712620729889,169.43096017421,323.81
2014-07-09,90.148411297596,23.047828933721,170.51694004927,329.97
2014-07-10,89.812918205966,23.047828933721,169.86535212423001,327.92
2014-07-11,89.98775263399902,23.120306383198,170.136847093,346.2
2014-07-14,91.15016531767701,23.047828933721,171.82011589933998,355.32
2014-07-15,90.082257730233,23.256201600967998,170.58028887532,354.44
2014-07-16,89.571930210569,23.537051717691003,174.08257397238998,355.9
2014-07-17,87.97469957911898,23.219962876229,174.20022179218998,352.454
2014-07-18,89.24116237375,23.473633949398998,174.20927162448,358.66
2014-07-21,88.777142351241,23.419275862291002,172.71604929627,359.76
2014-07-22,89.515227152829,23.509872674137,175.64819495893997,360.84
2014-07-23,91.849503029808,23.265261282152,175.23190267349997,358.14
2014-07-24,91.69829487583401,23.401156499922,176.68892567253997,358.61
2014-07-25,92.304072542694,23.527992036507,175.92873975999,324.01
2014-07-28,93.57894629089,23.482693630584002,177.17761661632,320.41
2014-07-29,92.974113674993,23.292440325706,176.08258690896,320.0
2014-07-30,92.756751953654,23.219962876229,175.56674646831001,322.51
2014-07-31,90.34687199968799,22.857575628843,173.45813554423,312.99
2014-08-01,90.84774900972799,22.649202961597,171.1775778066,307.06
2014-08-04,90.33742149006399,22.798687701143,171.62101958892,313.65
2014-08-05,89.893247537765,22.622023918043,169.3223621867,312.32
2014-08-06,89.74203938379,22.585785193303998,169.29521268983,313.89
2014-08-07,89.732588874167,22.522367425012003,167.77495132943,311.45
2014-08-08,89.979524448969,22.676382005151,169.89603454483,316.8
2014-08-11,91.16671471244,22.857575628843,170.66071690575,318.33
2014-08-12,91.14771966822398,22.785098179366003,170.54237320703,319.32
2014-08-13,92.35390497591,22.830396585289996,171.09767825484,326.28
2014-08-14,92.600840550712,22.232457627103,171.03395472476,333.21
2014-08-15,93.056721611885,22.132801134072,170.57878665279,333.63
2014-08-18,94.177429220601,22.313994757765002,172.38125221781002,334.53
2014-08-19,95.478589749365,22.32305443895,173.02759088001,335.13
2014-08-20,95.516579837796,22.386472207241997,173.05490096433,335.78
2014-08-21,95.52607735990401,22.549546468566,174.08358080698997,332.91
2014-08-22,96.228893995878,22.332114120134,173.33710516895005,331.59
2014-08-25,96.43783948224899,22.377412526058002,174.01985727691002,334.02
2014-08-26,95.819550793034,22.477069019088997,175.68577242033,341.83
2014-08-27,96.998193286607,22.468009337904,175.01212367381,343.18
2014-08-28,97.11216355190099,22.513307743827,174.78453963783005,340.02
2014-08-29,97.349601604595,22.640143280412,175.05764048101003,339.04
2014-09-02,98.109403373216,22.540486787381,174.38399173448997,342.38
2014-09-03,93.96848373423,22.685441686335,174.73902283063,339.0
2014-09-04,93.189686921394,22.567665830935002,173.58289592781998,345.95
2014-09-05,93.99697630055401,22.649202961597,174.05627072266998,346.38
2014-09-08,93.41762745198,22.603904555674,173.09131441008995,342.34
2014-09-09,93.066219133993,22.522367425012003,172.95476398849,329.75
2014-09-10,95.92497328843001,22.585785193303998,174.36578501161,331.33
2014-09-11,96.333366739064,22.812277222920002,174.52964551751995,330.52
2014-09-12,96.551809747542,22.794157860551,174.12909761417995,331.19
2014-09-15,96.523317181219,22.703561048705,174.61157577048004,323.89
2014-09-16,95.79200797892099,22.84851594765901,175.65846233602005,327.76
2014-09-17,96.47582957068,22.834926425882,175.51280855298,324.0
2014-09-18,96.675277534943,22.84851594765901,176.37762788973,325.0
2014-09-19,95.88698319999901,22.830396585289996,176.60521192572,331.32
2014-09-22,95.98195842107701,22.622023918043,175.79501275761,324.5
2014-09-23,97.48256691410299,22.377412526058002,174.43861190313,323.63
2014-09-24,96.63728744651199,22.631083599227,175.06674384245,328.21
2014-09-25,92.952248868699,22.232457627103,172.06263456742005,321.93
2014-09-26,95.68753523573601,22.649202961597,173.01848751857,323.21
2014-09-29,95.079693820839,22.75791913581201,172.63614633811,321.82
2014-09-30,95.68753523573601,22.975351484243998,172.80911020546,322.44
2014-10-01,94.19642426481701,22.847558508168998,170.38761606256,317.46
2014-10-02,94.88024585657601,22.874942717328,170.15092866514,318.41
2014-10-03,94.614315237558,23.103144460318,171.75312027848,322.74
2014-10-06,94.614315237558,22.829302368729998,172.08994465173996,322.2
2014-10-07,93.788030814183,22.486999754245,169.0585252924,316.98
2014-10-08,95.735022846275,22.509819928544,172.38125221781002,322.7
2014-10-09,95.943968332645,22.080800651723,169.7048639546,315.37
2014-10-10,95.66854019152001,21.304914725556,169.25879924407,311.39
2014-10-13,94.79476815760599,20.930663867052,167.06488913716,306.45
2014-10-14,93.788030814183,21.044764738547002,167.31978325746002,308.31
2014-10-15,92.63883063914301,20.958048076211,165.45359416237,305.97
2014-10-16,91.423147809349,20.830255100137,163.71485212743,302.86
2014-10-17,92.76229842654399,21.222762098079997,165.72669500555,303.64
2014-10-20,94.74728054706699,20.930663867052,153.93784194143998,306.21
2014-10-21,97.321109038271,21.460091910789,148.59416877646999,315.33
2014-10-22,97.81498018787501,21.231890167799,147.28328472919,312.97
2014-10-23,99.562524255704,21.510296294247,147.63831582533,313.18
2014-10-24,99.93292761790701,21.706549793219,147.54728221093,287.06
2014-10-27,99.82845487472099,21.688293653779997,147.3561116207,289.97
2014-10-28,101.37655097829,21.966699780227,148.93099314973,295.59
2014-10-29,101.94640230475001,21.998648024246002,148.80354608958,294.12
2014-10-30,101.60449150887,21.980391884807002,149.61374525769,299.07
2014-10-31,102.57323876387,22.336386603871002,149.65926206489,305.46
2014-11-03,103.90289185895,22.436795370787,149.62284861913,305.72
2014-11-04,103.14309009033,22.710637462375,148.06617381298,302.81
2014-11-05,103.39002566513001,22.957095344805,147.31059481351005,296.52
2014-11-06,103.68444885046999,23.05750411172,147.98424356003,296.64
2014-11-07,103.98014507075001,23.121400599757,148.54333180833,299.86
2014-11-10,103.80845049123,22.957095344805,149.84481592734,305.11
2014-11-11,104.63830762555,22.957095344805,149.67067368607002,312.01
2014-11-12,106.11678872691,22.920583065926,148.40585109154,311.51
2014-11-13,107.61434700378,23.440883039944,149.20323924896005,316.48
2014-11-14,108.91159493788,24.025079501998,150.45889646237,327.82
2014-11-17,108.73036177060999,24.157436512932,150.45889646237,323.05
2014-11-18,110.14207275771999,24.276101419287,148.37835494818,324.93
2014-11-19,109.37898573765999,24.271537384428,147.95674741667,326.54
2014-11-20,110.94331412878,24.472354918259,147.2326823082,330.54
2014-11-21,111.09593153278999,24.536251406296,147.48931297956003,332.63
2014-11-24,113.15149719308,24.67317245209,148.61665485728997,335.64
2014-11-25,112.17379194863001,24.90137419508,148.25920499362,335.04
2014-11-26,113.50919423372999,25.033731206014,148.4333472349,333.57
2014-11-28,113.44242411946999,25.229984704986,148.63498561953,338.64
2014-12-01,109.76052924769002,25.18434435638801,148.05756660898,326.0
2014-12-02,109.34083138666,25.394289959938998,149.09325467552,326.31
2014-12-03,110.58084779424999,25.512954866294,150.78885018268,316.5
2014-12-04,110.16114993321999,25.348649611341,150.35807727005,316.93
2014-12-05,109.69375913344,25.102191728912,149.64317754271005,312.63
2014-12-08,107.21372631825001,24.855733846482,148.35085880482,306.64
2014-12-09,108.85436341136999,25.029167171155,149.38654687135,312.5
2014-12-10,106.78448986945999,24.527123336576,147.11353235365,305.84
2014-12-11,106.46971647369,24.636660173212,147.62679369635,307.36
2014-12-12,104.66692338879999,24.513431231997,142.4116918392,307.32
2014-12-15,103.23136593230998,24.353690011904,140.28532341941002,306.07
2014-12-16,101.81965494521,24.266973349568,138.77303553464,295.06
2014-12-17,104.36168858078001,24.472354918259,139.24963535287,298.88
2014-12-18,107.45219101201,25.239112774706,144.51972949675,297.73
2014-12-19,106.6223338777,25.348649611341,145.28045612969,299.9
2014-12-22,107.72881005679001,25.759412748723,147.96591279779,306.54
2014-12-23,107.34726654676001,25.786796957882,148.69914328737,306.285
2014-12-24,106.84172139597,25.83243730648,148.31419728033995,303.03
2014-12-26,108.73036177060999,25.878077655078002,148.79079709857,309.09
2014-12-29,108.65405306861,25.978486421994,147.11353235365,312.04
2014-12-30,107.32818937125,25.88720572479701,146.69192482213998,310.3
2014-12-31,105.2869315926,25.389725925079002,147.04937468581002,310.35
2015-01-02,104.28537987876999,25.376033820500002,148.53416642721,308.52
2015-01-05,101.34749485153999,24.870535138816,146.19699424167,302.19
2015-01-06,101.3570334393,24.861344253695002,143.04410313646002,295.29
2015-01-07,102.77828301415,25.091116381733,142.10923426225,298.42
2015-01-08,106.72725834296,25.284124969285003,145.19796769961002,300.46
2015-01-09,106.84172139597,25.541469752687,145.83037899688,296.93
2015-01-12,104.20907117676,25.780432765846,143.38322223790001,291.41
2015-01-13,105.13431418859001,25.821791748893,143.72234133933,294.74
2015-01-14,104.73369350305,25.660951259267,142.79663784623,293.27
2015-01-15,101.89119435334,25.192216118069002,141.6692959685,286.95
2015-01-16,101.09949157003,25.440370016350002,144.02479891628,290.74
2015-01-20,103.70352602598,25.798814536089,143.850656675,289.44
2015-01-21,104.49522880929001,25.587424178294,139.39628145078999,297.25
2015-01-22,107.21372631825001,26.194022596314,142.42085722032,310.32
2015-01-23,107.76696440779,25.92748692779,142.86079551407,312.39
2015-01-26,107.8814274608,25.706905684874002,143.30989918894,309.66
2015-01-27,104.10414671151,24.723480976872,140.84441166771998,306.75
2015-01-28,109.98945535371,24.636167568218003,138.90135087032,303.91
2015-01-29,113.41380835622,25.017589300761,142.5033456504,311.78
2015-01-30,111.75409408758999,24.231768622870998,140.5144579474,354.53
2015-02-02,113.15626648695,24.659144781022,141.75178439857,364.47
2015-02-03,113.17534366245,24.925680449545002,145.24379460521,363.55
2015-02-04,114.04335514777,24.53047238932,143.85982205611998,364.75
2015-02-05,114.85413510658,25.054352841247002,144.7305332625,373.89
2015-02-06,113.88696254982,25.035971071004,144.64804483243,374.28
2015-02-09,114.6434638566,24.925680449545002,143.75276277851998,370.56
2015-02-10,116.84593601555001,25.265743199041,146.34631182126998,372.995
2015-02-11,119.58466226538,24.751053632237,146.01404219302,375.14
2015-02-12,121.09766487892999,27.076347567979997,146.30939297369,377.17
2015-02-13,121.69137476524999,27.048774912615,148.04457881011,381.83
2015-02-17,122.40957220838999,26.938484291156996,148.56144267628,375.43
2015-02-18,123.25704519129,27.103920223344,149.69669723948,373.37
2015-02-19,123.00328209472,26.938484291156996,151.26574826178,378.995
2015-02-20,124.00397053216001,27.214210844801997,151.04423517628,383.66
2015-02-23,127.36034658308998,27.232592615045,150.36123649598,380.14
2015-02-24,126.56554141267999,27.232592615045,152.13334117999,378.59
2015-02-25,123.32886493561001,27.103920223344,150.26893937702,385.37
2015-02-26,124.88495939574,27.489937398448,148.47837526921998,384.8
2015-02-27,123.01285806063,27.122301993586998,149.46595444208,380.16
2015-03-02,123.61614391286001,27.74728218185,148.11841650528,385.655
2015-03-03,123.87469499238999,27.149874648951997,148.62605065955,384.61
2015-03-04,123.08946578790001,26.9568660614,147.14006704432,382.72
2015-03-05,121.04978504937999,26.929293406035,148.76449633799,387.83
2015-03-06,121.23172840165,26.584635213979002,146.29093354988996,380.09
2015-03-09,121.74883056071,26.984438716765,148.38607815026,378.56
2015-03-10,119.23035152677,26.341076758259,145.65408342908,369.51
2015-03-11,117.05660726554,25.973441353397998,144.72188252759,366.37
2015-03-12,119.17289573132,25.955059583155,145.81098853131002,374.24
2015-03-13,118.34936266318998,25.67933302951,142.39599512983,370.58
2015-03-16,119.65169402674,26.010204893884,144.98031446068,373.35
2015-03-17,121.65307090161998,25.872341617061,144.86955791793002,371.92
2015-03-18,123.02243402654,25.872341617061,147.50002580826,375.135
2015-03-19,122.08877735046002,25.973441353397998,147.50002580826,373.24
2015-03-20,120.56141078805,26.138877285584996,150.33354736029,378.49
2015-03-23,121.81586232206001,26.10670918766,151.94874694208,375.11
2015-03-24,121.31791209482,25.734478340239,150.44430390305,374.09
2015-03-25,118.14826737911001,25.238170543677,146.93701338261005,370.96
2015-03-26,118.97180044724001,24.898107794180998,148.21994333613998,367.35
2015-03-27,118.0237798223,24.934871334667,148.04457881011,370.56
2015-03-30,121.01148118575001,25.412797360985998,150.13972341048,374.59
2015-03-31,119.1537437995,25.490919884519,148.13687592907,372.1
2015-04-01,118.98137641315,25.236242210830998,146.91855395881,370.255
2015-04-02,120.00600476536002,25.125110135040003,148.09072736958998,372.25
2015-04-06,121.94992584478001,25.208459191883996,149.55825156103995,377.04
2015-04-07,120.66674641303999,25.365896299253997,149.58594069673,374.41
2015-04-08,120.2741318108,25.514072400308,149.38288703502,381.2
2015-04-09,121.19342453801,25.583529947678,149.83514291792,383.54
2015-04-10,121.71052669707,25.967861709787996,150.3150879365,382.65
2015-04-13,121.47112754936,25.912295671892,149.87206176549998,382.36
2015-04-14,120.94444942438999,25.754858564522,149.79822407033,385.11
2015-04-15,121.40409578799999,26.162342842420998,151.48726134728,383.45
2015-04-16,120.81996186758002,26.486478063477996,150.56429015768998,386.04
2015-04-17,119.46017470857001,25.852099130839,148.2937810313,375.56
2015-04-20,122.1893249925,26.375345987687002,153.36089286215,389.51
2015-04-21,121.52858334481,26.569827120321,151.60724760193,391.18
2015-04-22,123.16607351516001,26.50500007611,152.62251591048,389.8
2015-04-23,124.17154993556002,26.555935610847,157.12661531567,389.99
2015-04-24,124.75568385598,26.690220202428,156.70204856846001,445.1
2015-04-27,127.02518777629,26.755047246639,157.57887119857,438.56
2015-04-28,125.02381090141,27.153270518223,160.52314929336,429.31
2015-04-29,123.18522544698,26.903223347694002,160.96617546436002,429.37
2015-04-30,119.84321334491001,26.699481208744,158.09573506473998,421.78
2015-05-01,123.48208039014,26.977311398221,160.29240649596,422.87
2015-05-04,123.24268124243,27.014355423484,160.56929785283995,423.04
2015-05-05,120.46565112897,26.755047246639,159.74785349411002,421.19
2015-05-06,119.70914982219,26.829135297166,158.15111333612,419.1
2015-05-07,120.44649919715,26.676328692954,159.02533883765,426.88
2015-05-08,122.71580893773,27.06992146138,160.59708468615,433.69
2015-05-11,121.46576543656,27.051399448748,159.14624236446002,432.85
2015-05-12,121.02825021115,27.06992146138,158.61612690076,431.02
2015-05-13,121.16767814013001,27.18105353717101,160.22507383444,426.87
2015-05-14,123.99469959661998,26.903223347694002,161.87122185328002,432.28
2015-05-15,123.8216166503,27.366273663488997,161.13650042113997,426.0
2015-05-18,125.18704878235,27.560754796123,160.95049499528,425.24
2015-05-19,125.07166015147,27.537602280333,161.34110638959,421.71
2015-05-20,125.06204443223,27.4311007077,161.60151398578998,423.86
2015-05-21,126.34093509112,27.255141587698002,161.21090259148997,431.63
2015-05-22,127.44674280369,27.097704480327,160.16927220668,427.63
2015-05-26,124.63895278568,26.810613284535,158.22551550646003,425.47
2015-05-27,126.97076470132,27.144009511907,159.96466623824,431.42
2015-05-28,126.71594814147,27.18105353717101,159.69495837073998,426.57
2015-05-29,125.27359025551,27.144009511907,157.7791024844,429.23
2015-06-01,125.51879109612,27.0236164298,158.27201686292,430.92
2015-06-02,124.96588723983,26.931006366641,157.7791024844,430.99
2015-06-03,125.11973874767,26.940267372957,158.03020980931,436.59
2015-06-04,124.38894408545,26.495739069794002,156.5979680302,430.78
2015-06-05,123.70622801943001,26.467956050846,155.68654144349,426.95
2015-06-08,122.88889188405001,26.185495358211003,153.77068555715,423.5
2015-06-09,122.52349455294,26.153081836106,154.08689478111,425.48
2015-06-10,123.92738956193999,26.542044101373,157.10018268002,430.77
2015-06-11,123.64853370398998,26.727264227691002,156.96997888191,432.97
2015-06-12,122.28310157193998,26.430912025583,155.30523032048,429.92
2015-06-15,122.04270859095,26.375345987687002,154.6263105161,423.67
2015-06-16,122.69657749925,26.588349132953,155.16572625108998,427.26
2015-06-17,122.40810592206002,26.792091271903,155.47263520375,427.81
2015-06-18,122.96581763796001,27.051399448748,156.47706450338998,439.39
2015-06-19,121.73500557528,26.884701335061997,155.30523032048,434.92
2015-06-22,122.70619321849001,26.801352278219,155.99345039616,436.29
2015-06-23,122.14848150258999,26.657806680321997,156.82117454123002,445.99
2015-06-24,123.18697918048001,26.403129006634998,155.2866297779,440.84
2015-06-25,122.60042030685,26.30125793716,154.45890563283,440.1
2015-06-26,121.87924136387,26.190125861369,153.88228881267,438.1
2015-06-29,119.74455169264999,25.504811393992,151.56652126073,429.86
2015-06-30,120.60515856459999,25.430723343465,151.27821285065,434.09
2015-07-01,121.73500557528,25.523333406623998,152.98016249725,437.39
2015-07-02,121.58115406744,25.504669177442004,153.53817877483,437.71
2015-07-06,121.15806242088999,25.402015916939998,153.20336900828002,436.04
2015-07-07,120.85997512446001,25.532665521215,153.45447633318997,436.72
2015-07-08,117.85987072166,25.187377281345,151.74322641529,429.7
2015-07-09,115.45594091171999,25.112720364616,152.38494513450001,434.39
2015-07-10,118.54258678768,25.458008604487,155.26802923531,443.51
2015-07-13,120.83112796674,25.933946448632003,157.52799515949,455.57
2015-07-14,120.78304937053998,26.157917198818,156.81187426994,465.57
2015-07-15,121.94655139855,26.232574115547,156.73747209959,461.19
2015-07-16,123.57160795007,26.42854852196,159.03463910893998,475.48
2015-07-17,124.63895278568,26.297898917684,160.43898007417,483.01
2015-07-20,126.99480399942,26.157917198818,161.09929933597,488.1
2015-07-21,125.72552905977,25.980607021588,151.65952397366001,488.0
2015-07-22,120.40803632018999,25.691311469264,149.12985018198,488.27
2015-07-23,120.35034200475,26.139252969636,150.41328762041002,482.18
2015-07-24,119.71570453493,26.503205438688003,148.57183390441003,529.42
2015-07-27,118.05218510645001,26.325895261458,147.93941545649,531.41
2015-07-28,118.63874398008001,26.325895261458,148.8508420432,526.03
2015-07-29,118.26373092972,26.503205438688003,149.81807025766,529.0
2015-07-30,117.66755633686,26.409884292778,149.69716673085,536.76
2015-07-31,116.63867437821001,26.521869667870998,150.65509467402,536.15
2015-08-03,113.88857867563999,26.465876980324,147.60460568994,535.03
2015-08-04,110.23460536453001,26.157917198818,146.57227557643,531.9
2015-08-05,110.96540002674999,26.381887949004003,146.85128371522,537.01
2015-08-06,111.20579300775,26.325895261458,146.59087611902,529.46
2015-08-07,111.58249985455,26.269902573911,145.465562331,522.62
2015-08-10,115.63934282017999,26.680515615919,146.99411355972,524.0
2015-08-11,109.62169242116998,26.148585084226998,145.83128931209998,527.46
2015-08-12,111.31204365685,26.036599709134002,146.44083428061,525.91
2015-08-13,111.22511130758001,26.783168876420998,145.4186742565,529.66
2015-08-14,112.00750245095,27.091128657926998,146.05635206971002,531.52
2015-08-17,113.16660044113002,26.89982030881,146.58149850412,535.22
2015-08-18,112.52909654653,26.36322371982201,146.30017005711,535.02
2015-08-19,111.08988320872999,25.943278563223,144.35900377278,532.92
2015-08-20,108.81032382804001,25.234037854301,143.15866906556005,515.78
2015-08-21,102.15516953443,24.702107322609,139.58579778861,494.47
2015-08-24,99.605153956039,23.507596654949,134.54064097233,463.37
2015-08-25,100.20402125096001,22.975666123257,132.1868596324,466.37
2015-08-26,105.95121545226999,23.964870269913,137.56961058508,500.77
2015-08-27,109.07112087583,24.422143884876,139.29509172671,518.37
2015-08-28,109.42850942281,24.263497936827,138.7699452923,518.01
2015-08-31,108.91657447714,24.151512561734,138.6855467582,512.89
2015-09-01,104.04836291839001,23.442271852812,133.79980939522,496.54
2015-09-02,108.51089018058,23.936873926139,136.02230412656,510.55
2015-09-03,106.6080376467,24.170176790917,137.64463150428008,504.72
2015-09-04,105.54553115571,23.815556436455,134.75632611504,499.0
2015-09-08,108.48191273083,24.54346137456,138.06662417478998,517.54
2015-09-09,106.3955363485,24.207505249281002,136.02230412656,516.89
2015-09-10,108.73305062870001,24.506132916195998,137.10072984007,522.24
2015-09-11,110.31715121527999,24.28216216601,138.19791078339,529.44
2015-09-14,111.37965770627,23.983534499095,136.58496102056006,521.38
2015-09-15,112.31659524833,24.244833707645,138.34795262179,522.37
2015-09-16,112.44216419726999,24.328822738965002,139.173182733,527.39
2015-09-17,110.03703586764999,24.151512561734,138.9199871307,538.87
2015-09-18,109.5830558215,23.834220665637,135.51591292195,540.26
2015-09-21,111.28306620709,23.834220665637,137.36330305728,548.39
2015-09-22,109.53476007190001,23.460936081994,135.44089200275,538.4
2015-09-23,110.42340186438,23.591585686269003,134.71881565543998,536.07
2015-09-24,111.08022405881,23.712903175953002,135.42213677295,533.75
2015-09-25,110.80010871118,24.286828223305,136.36927587786002,524.25
2015-09-28,108.60748167976,23.94620604073,133.64976755682,504.06
2015-09-29,105.34268900741999,23.927541811548,133.60287948232,496.07
2015-09-30,106.20235335014,24.492134744309002,135.94728320735,511.67
2015-10-01,105.84496480317,24.207505249281002,134.65317235113994,520.72
2015-10-02,106.61769679661998,24.235730090224,135.58155622625,532.54
2015-10-05,107.00406279334999,25.261232644508,139.76397247171002,543.68
2015-10-06,107.51599773900999,25.61874729646,139.52015448431,537.48
2015-10-07,107.00406279334999,25.910403986210003,140.74862203623002,541.94
2015-10-08,105.76769160382,26.258510357848,142.80231969936,533.16
2015-10-09,108.29838888238001,26.258510357848,142.90547346326,539.8
2015-10-12,107.79611308663999,26.305551759421,141.73327160073998,550.19
2015-10-13,107.97963693508001,26.202060675960997,140.30787413592,548.9
2015-10-14,106.45349124801001,26.173835835016998,140.67360111703002,544.83
2015-10-15,108.04725098451,26.484309085397,140.74862203623002,562.44
2015-10-16,107.25520069122,26.578391888541997,141.02995048323,570.76
2015-10-19,107.92168203556999,26.578391888541997,139.93276953991,573.15
2015-10-20,109.89214861888,26.813598896405,131.88677595558997,560.88
2015-10-21,109.88248946896,26.606616729486,132.14934917280002,555.77
2015-10-22,111.56318155472,27.293421192445997,135.12205309613998,563.91
2015-10-23,115.02115722542,27.613302723140002,135.67533237525,599.03
2015-10-26,111.35068025652001,27.236971510559002,134.71881565543998,608.61
2015-10-27,110.64556231248999,27.331054313703998,129.27979901335,611.01
2015-10-28,115.20468107386002,27.622711003455,132.0649506387,617.1
2015-10-29,116.42173396355,27.415728836535,131.80237742148998,626.55
2015-10-30,115.42684152198,27.142888707414,131.36162952119,625.9
2015-11-02,117.04957870823,27.067622464897,131.63358035328991,628.35
2015-11-03,118.39220054686001,26.917089979864997,133.04960020321002,625.31
2015-11-04,117.84162900152,26.785374055461997,132.81515983071,640.95
2015-11-05,117.30071660610001,26.747740934204,131.18345483808,655.65
2015-11-06,117.43652623498998,26.766557494833002,130.86461593148002,659.37
2015-11-09,116.96119253389,26.512533926339998,128.08167220028,655.49
2015-11-10,113.27493117841999,26.324368320050002,128.23312492033998,659.68
2015-11-11,112.6346857851,26.173835835016998,127.80716414516,673.25
2015-11-12,112.25635896178001,26.183244115332,125.93293673435,665.6
2015-11-13,108.97752649297001,24.659102704378,124.71184917882,642.35
2015-11-16,110.75760270014999,25.204782962621003,126.56714499962,647.81
2015-11-17,110.28711934293999,25.223599523249998,126.67126874466999,643.3
2015-11-18,113.77936694285,25.515256213,128.56442774549,663.54
2015-11-19,115.22476942171001,25.750463220864,129.43528088586,661.27
2015-11-20,115.72920518613998,25.938628827154,131.10126080658,668.45
2015-11-23,114.22559858062,25.806912902751,131.06339762656,678.99
2015-11-24,115.32177629947999,25.656380417718,131.19591875662,671.15
2015-11-25,114.49721783838999,25.628155576774997,130.62797105638,675.34
2015-11-27,114.28380270728998,25.703421819291002,131.06339762656,673.26
2015-11-30,114.75913640838999,25.637563857089,131.97211394696,664.8
2015-12-01,113.82787038174,25.938628827154,133.73275181772,679.06
2015-12-02,112.79959747732,25.816321183065,132.23715620707,676.01
2015-12-03,111.75192319735001,25.355315447653,131.49882419674998,666.25
2015-12-04,115.46728661614999,25.853954304323,132.92815924237,672.64
2015-12-07,114.73973503283001,25.863362584638,132.09516928201,669.83
2015-12-08,114.69123159393999,25.54348105394401,130.67530003139998,677.33
2015-12-09,112.15935208399999,25.148333280734,129.31222555081,664.79
2015-12-10,112.69288991177,25.185966401992,129.47314406588,662.32
2015-12-11,109.79238426628,24.612061302806,127.38120336997,640.15
2015-12-14,109.11333612185,24.922534553185,128.66855149053,657.91
2015-12-15,107.18289925411999,25.261232644508,130.42918936128999,658.64
2015-12-16,108.00745771521,25.623451436616996,131.8490586119,675.77
2015-12-17,105.71809539971001,25.138925000419,129.44474668087,670.65
2015-12-18,102.85639250534,24.71555238626501,127.69357460511002,664.14
2015-12-21,104.11748191642,25.058954617746,128.26152230534998,664.51
2015-12-22,104.02047503864,25.298865765766,130.56171049135,663.15
2015-12-23,105.35916995194,25.778688061807,131.1391239866,663.7
2015-12-24,104.79653006084,25.759871501178,130.86461593148002,662.79
2015-12-28,103.62274683976,25.694013538976,130.25880505122,675.2
2015-12-29,105.48527889305001,26.126794433445,132.3128825671,693.97
2015-12-30,104.10778122864001,25.900995705896,131.89638758691999,689.07
2015-12-31,102.10943954646,25.548185194101,130.26827084622,675.89
2016-01-04,102.19674573646,25.044842197273997,128.68748308053998,636.99
2016-01-05,99.63576416319,24.931045110425,128.5928251305,633.79
2016-01-06,97.685925919903,24.665518574445,127.94915107022,632.65
2016-01-07,93.563133614445,24.096533140202,125.76255242428002,607.94
2016-01-08,94.05786869110001,23.499098434246,124.59825963876999,607.05
2016-01-11,95.58087667217501,23.963769872212,126.11278683943,617.74
2016-01-12,96.968075024364,24.039634596777,125.80041560429,617.89
2016-01-13,94.474998265534,23.328402803973,124.16283306858999,581.81
2016-01-14,96.541244762152,23.385301347398,125.8098813993,593.0
2016-01-15,94.22278038331801,22.399059928043,123.08373243812001,570.18
2016-01-19,93.766848057773,22.617171011169,121.26629979734,574.48
2016-01-20,93.89295699888099,21.716277406950997,115.35017791978001,571.77
2016-01-21,93.417623297782,21.716277406950997,116.34408639521001,575.02
2016-01-22,98.384375439886,22.161982663775,115.95598880004,596.38
2016-01-25,96.46363925993201,21.97232085236,115.55842540987,596.53
2016-01-26,96.997177087697,22.49389083375,116.04118095508001,601.25
2016-01-27,90.623825217848,22.218881207199,114.49825636941002,583.35
2016-01-28,91.273771298944,21.910680763650998,115.69094653993,635.35
2016-01-29,94.426494826647,22.560272467744998,118.12365585597999,587.0
2016-02-01,93.54373223889,22.266296660053,118.161519036,574.81
2016-02-02,91.65209812226801,21.649895772956,116.37248378022,552.1
2016-02-03,93.46612673666901,21.905939218365003,118.05739529095,531.07
2016-02-04,94.213079695541,22.323195203477002,120.83087322715001,536.26
2016-02-05,91.69682974093901,21.70679431638,121.70172636752,502.13
2016-02-08,92.662367514216,21.744726678663,121.4272183124,488.1
2016-02-09,92.642861700615,21.479200142683002,118.64447138148,482.07
2016-02-10,91.94065241095899,21.346436874693,114.93414214023998,490.48
2016-02-11,91.384736723314,23.404267528539,112.69646935042,503.82
2016-02-12,91.667571020537,23.81204042308,115.74697199978998,507.08
2016-02-16,94.25209132274401,24.504306034743,117.37263171889,521.1
2016-02-17,95.695521529259,25.092257650128,120.58570034017,534.1
2016-02-18,93.881480864314,25.063808378414997,126.65801752621,525.0
2016-02-19,93.666916914697,25.177605465264,127.2604678927,534.9
2016-02-22,94.48616108596201,25.253470189829997,127.92029448457,559.5
2016-02-23,92.350274496591,24.769832570723,126.61020400506,552.94
2016-02-24,93.72543435550199,24.959494382137,126.99271217426,554.04
2016-02-25,94.36912620435301,25.225020918118,128.61837189336,555.15
2016-02-26,94.51541980636499,25.044842197273997,126.25638394855,555.23
2016-02-29,94.30085585674802,24.826731114147,125.30011352555,552.52
2016-03-01,98.045972068247,25.44313200124401,128.49405673837,579.04
2016-03-02,98.260536017864,25.509513635239,130.33965865475,580.21
2016-03-03,98.99200402792299,25.481064363527004,131.77406428925,577.49
2016-03-04,100.46469295484002,25.414682729532,131.77406428925,575.14
2016-03-07,99.352861579552,25.737107808937,134.0212997833,562.8
2016-03-08,98.533617408286,25.651759993800002,132.98852772646,560.26
2016-03-09,98.62139356949301,26.18281306576,134.26993009328,559.47
2016-03-10,98.67015810349702,25.964701982634,134.05955060022,558.93
2016-03-11,99.73322494478201,26.419890330028,136.13465741813,569.61
2016-03-14,99.98680052160299,26.268160880897003,136.53629099578998,573.37
2016-03-15,101.99589932256,26.230228518614002,136.70841967193002,577.02
2016-03-16,103.35155336786998,26.438856511170002,138.45839454602,574.27
2016-03-17,103.18575395226,26.732832318862,140.61000299776,559.44
2016-03-18,103.30278883387,26.865595586852002,140.65781651891,552.08
2016-03-21,103.29303592707,26.732832318862,142.13047297033,553.98
2016-03-22,104.08302137793001,26.818180133999,141.62364964614,560.48
2016-03-23,103.50759987668002,26.391441058316,139.04171950405,569.63
2016-03-24,103.05896616385,26.514721235735998,141.48020908268998,582.95
2016-03-28,102.59082663740999,26.457822692311,141.91053077304,579.87
2016-03-29,105.01930043080999,26.647484503726,142.79986226642998,593.86
2016-03-30,106.85284690934999,26.988875764272,141.92009347727,598.69
2016-03-31,106.29693122171,26.998358854842,144.82715556319,593.64
2016-04-01,107.27222190179,27.206986847398,145.8503649158,598.5
2016-04-04,108.37430037027,26.93197722084701,145.42004322545,593.19
2016-04-05,107.09666957937,26.396017475159002,143.44056344984,586.14
2016-04-06,108.21825386146,26.797987284425,143.4596888583,602.08
2016-04-07,105.85805041567,26.415158894648,141.76709020959,591.43
2016-04-08,105.97508529728,26.501295282348,142.81898767489,594.6
2016-04-11,106.32618994211,26.434300314137,142.72336063259,595.93
2016-04-12,107.71110270781999,26.453441733625002,143.08674339333,603.17
2016-04-13,109.27156779594999,27.018113608547,144.61677607013002,614.82
2016-04-14,109.33008523675,27.037255028035997,144.54983714052,620.75
2016-04-15,107.13568120657,26.702280186981,145.0853485774,625.89
2016-04-18,104.82424229479,26.979830769570004,145.85992762003,635.35
2016-04-19,104.26832660715,27.113820705991998,137.70294091185,627.9
2016-04-20,104.48289055676001,27.219098513181,139.72067150437,632.99
2016-04-21,103.35155336786998,27.027684318291996,142.77117415374,631.0
2016-04-22,103.06871907065,26.941547930591998,142.00615781533998,620.5
2016-04-25,102.4835446626,27.018113608547,142.30260164646998,626.2
2016-04-26,101.77158246615,27.228669222925,142.56079466068002,616.88
2016-04-27,95.40293432523599,27.410512708069,143.89001054865,606.57
2016-04-28,92.48681519180201,26.75970444544701,140.63869111045,602.0
2016-04-29,91.423748350517,26.309881087459,139.55810553246,659.59
2016-05-02,91.326219282509,26.195032570526,138.91740434906,683.85
2016-05-03,92.82816692983,25.706926373558996,137.82725606684,671.32
2016-05-04,91.86262915655199,25.304956564292997,137.94200851760002,670.9
2016-05-05,91.49201869812299,25.084830240170998,140.06492885665,659.09
2016-05-06,90.981767199592,25.391092951993,142.18784919571004,673.95
2016-05-09,91.05045490131701,25.371951532504,142.23611718716,679.75
2016-05-10,91.668644216845,25.869628439215003,144.77501353711,703.07
2016-05-11,90.77570409441601,25.553795017648,143.79034651165,713.23
2016-05-12,88.64638534093098,25.525082888415,143.68415693048001,717.93
2016-05-13,88.823010859653,25.391092951993,142.60295392213,709.92
2016-05-16,92.120020542469,25.812204180748,144.28268002438,710.66
2016-05-17,91.73733191857,25.505941468926,142.87325467422,695.27
2016-05-18,92.787272502086,25.572936437137,142.23611718716,697.45
2016-05-19,92.43402146464099,26.386446765414,139.90959999956002,698.52
2016-05-20,93.434899404067,26.769275155192,142.14923480256002,702.8
2016-05-23,94.62221539103399,26.740563025959002,141.68586208469,696.75
2016-05-24,96.064657127265,27.247810642414,143.17251622116999,704.2
2016-05-25,97.752412083945,27.678492580914,146.43543244278,708.35
2016-05-26,98.527601860559,27.659351161425,147.15945231444,714.91
2016-05-27,98.468726687651,27.678492580914,147.54559624599,712.24
2016-05-31,97.987912775574,27.802911807591,148.41442009199,722.79
2016-06-01,96.614158741068,27.659351161425,147.22702750246,719.44
2016-06-02,95.888031608543,27.831623936825,148.18273373306005,728.24
2016-06-03,96.08428218490101,27.879477485547,147.59386423744,725.54
2016-06-06,96.780971730972,27.850765356313,147.43940666482,726.73
2016-06-07,97.17347288368799,27.822053227079998,148.01862256215,723.74
2016-06-08,97.08516012432699,27.889048195291,148.6654136475,726.64
2016-06-09,97.781849670398,27.889048195291,148.10550494675,727.65
2016-06-10,96.97722230733,27.783770388102003,147.09187712642,717.91
2016-06-13,95.515155513463,27.601926902958002,146.03963491294,715.24
2016-06-14,95.632905859278,27.716775419891,145.82725575058996,719.3
2016-06-15,95.318904937105,27.420083417814002,145.46041901561,714.26
2016-06-16,95.72121861863899,27.630639032191,145.82725575058996,717.51
2016-06-17,93.54283722106399,27.707204710147,146.72504039145,706.39
2016-06-20,93.31714905825301,27.563644063979996,148.28892331423,714.01
2016-06-21,94.111963892503,27.534931934747,148.71368163894,715.82
2016-06-22,93.75871285505801,27.487078386025,147.62282503231,710.6
2016-06-23,94.298401940043,27.965613873246998,149.96864941648002,722.08
2016-06-24,91.649019159209,26.558719540814,141.5120973155,698.96
2016-06-27,90.314515239974,26.137608312059,138.52913544426,691.36
2016-06-28,91.835457206749,26.597002379792,140.65292706779,707.95
2016-06-29,92.63027204099899,27.046825737781,143.3173201955,715.6
2016-06-30,93.80777549914801,27.458366256791,146.52231482738,715.62
2016-07-01,94.09233883486701,27.563644063979996,147.07256992984,725.68
2016-07-05,93.20921124125601,27.362659159347,146.42577884449,728.1
2016-07-06,93.739087797422,27.739342430514,147.09187712642,737.61
2016-07-07,94.141401478956,27.758659521343002,147.31390988706002,736.57
2016-07-08,94.86752861148099,28.260903882898003,149.10947916878,745.81
2016-07-11,95.16190447601801,28.425099154945002,149.94934221991002,753.78
2016-07-12,95.593655744006,28.598952972406,151.60010752729,748.21
2016-07-13,95.053966659021,28.734172608209995,152.54616015959,742.63
2016-07-14,96.93797219205901,28.743831153624,154.72787337286002,741.2
2016-07-15,96.928159663241,28.801782426111004,154.24519345842,735.44
2016-07-18,97.95847518912,28.888709334842,154.32242224473,736.07
2016-07-19,97.99772530439199,28.898367880256,154.05212149264,739.95
2016-07-20,98.086038063753,29.584124604688,155.77046198805002,745.72
2016-07-21,97.565974036404,29.535831877615,154.89198454376998,744.43
2016-07-22,96.810409317426,29.661392968003998,156.45586746656,744.86
2016-07-25,95.515155513463,29.73866133132,157.01577616731,739.61
2016-07-26,94.857716082663,29.825588240050998,156.50413545799998,735.59
2016-07-27,101.01998418031,29.709685695075997,156.22418110761998,736.67
2016-07-28,102.38392568599001,29.477880605128004,155.78011558634,752.61
2016-07-29,102.25636281135999,29.487539150542002,155.05609571468,758.81
2016-08-01,104.06186811386,29.680710058832997,155.85734437265,767.74
2016-08-02,102.52130108944999,29.574466059273,155.01748132152,760.58
2016-08-03,103.80674236459,29.671051513418004,155.10436370611998,754.64
2016-08-04,104.44455673774999,29.748319876735,155.95388035553998,760.77
2016-08-05,106.03287955203001,29.980124966683,157.83633202184998,765.98
2016-08-08,106.91089651148,29.95114933044,157.77841043212,766.56
2016-08-09,107.34497231166,29.883539512538,157.51551132808999,768.31
2016-08-10,106.54587822497,29.796612603807002,157.81735844753,768.56
2016-08-11,106.4768207113,29.893198057952,159.2292240062,771.24
2016-08-12,106.72345468868,29.815929694636,157.69077739745,772.56
2016-08-15,108.00595137101,30.125003147901,157.62261837048,768.49
2016-08-16,107.90729778007,30.057393329998998,156.47365191583,764.04
2016-08-17,107.74945203455,29.671051513418004,156.22048981566004,764.63
2016-08-18,107.61133700722,29.43924642347001,157.11629417013,764.46
2016-08-19,107.88756706187999,29.477880605128004,155.83100966153998,757.31
2016-08-22,107.04901153881,29.584124604688,155.79206164613,759.48
2016-08-23,107.38443374804001,29.922173694196,156.04522374631,762.45
2016-08-24,106.57547430225,29.999442057512002,154.86704628011,757.25
2016-08-25,106.12166778389,30.221588602045998,154.45809211828995,759.22
2016-08-26,105.50015016091,30.279539874533,154.15624499885,769.0
2016-08-29,105.38176585177,30.50168641906701,155.51942553825,771.29
2016-08-30,104.57280640599001,30.463052237409002,155.20784141496,767.58
2016-08-31,104.67145999694,30.366466783264,154.70151721461,769.16
2016-09-01,105.29297761991998,30.50168641906701,155.3441594689,770.62
2016-09-02,106.27951352941,30.743150054431,155.35389647275,772.44
2016-09-06,106.24991745212,30.781784236089,156.13285678098,788.87
2016-09-07,106.90103115239,30.704515872772003,157.38893027801,784.48
2016-09-08,104.09926916943,30.395442419508,154.81836126084,784.06
2016-09-09,101.74144834575,29.796612603807002,151.59541298553998,760.14
2016-09-12,104.02034629667,30.366466783264,154.12703398729,771.49
2016-09-13,106.49655142949,29.999442057512002,151.71225703177,761.01
2016-09-14,110.26511860375,29.941490785025,149.99854435366996,761.09
2016-09-15,114.01395505981002,30.240905692875,151.56620197398001,769.69
2016-09-16,113.37270671863999,29.786954058393,149.79406727276,778.52
2016-09-19,112.05074859993,29.960807875854,150.79697866959998,775.1
2016-09-20,112.04088324083,30.038076239170003,150.38802450778,780.22
2016-09-21,112.02115252264,30.289198419948,151.43962092389,789.74
2016-09-22,113.0767459458,30.578954782384,152.00436714736,804.7
2016-09-23,111.19246235866999,30.269881329119002,150.90408571199,805.75
2016-09-26,111.36017346328,30.009100602927,149.9303853267,799.16
2016-09-27,111.56734600428001,30.405100964922,152.64700940165,816.11
2016-09-28,112.41576688644,30.424418055750998,154.12703398729,828.72
2016-09-29,110.66959832664,30.318174056191,153.95176791793997,829.05
2016-09-30,111.5278845679,30.636906054871,154.67230620305,837.31
2016-10-03,111.00502053587,30.675540236529002,153.46491772529,836.74
2016-10-04,111.47855777241999,30.529466235403,152.34516228221,834.03
2016-10-05,111.5278845679,30.763184637205,152.94885652109,844.36
2016-10-06,112.35657473187,30.656063703045,152.75411644403,841.66
2016-10-07,112.52428583648,30.646325436304,151.57593897783002,839.43
2016-10-10,114.48749229637,30.646325436304,152.89043449796998,841.71
2016-10-11,114.73412627373999,30.227579966408,150.71908263878,831.0
2016-10-12,115.76012361961,29.545901294485002,150.23223244614,834.09
2016-10-13,115.40497069219,29.380350759875,149.67722322652,829.28
2016-10-14,116.04621903336,29.390089026616998,150.38802450778,822.96
2016-10-17,115.9672961606,29.429042093584,150.69960863108,812.95
2016-10-18,115.88837328783998,29.643283961903,146.75612207066,817.65
2016-10-19,115.54308571952,29.555639561227004,147.28192027871,817.69
2016-10-20,115.48389356495001,29.370612493133997,147.53508237889,810.32
2016-10-21,115.03008704658998,29.360874226392003,145.69478865069,818.99
2016-10-24,116.06594975155001,29.662760495386,146.61006701286001,838.09
2016-10-25,116.65787129725,29.545901294485002,146.91191413229998,835.18
2016-10-26,114.03368577799999,29.750404896062,147.81745549062,822.59
2016-10-27,112.93863091847,29.584854361452,149.31695408397,818.36
2016-10-28,112.18886362725,29.789357963028998,148.59641579885,776.32
2016-10-31,112.01128716355,29.877002363705,149.64801221496,789.82
2016-11-01,109.98888854908998,29.682237028870002,148.7716818682,785.41
2016-11-02,110.08754214004,29.594592628193997,147.95377354456002,765.56
2016-11-03,108.91356440775,29.526424761002,148.36272770638,767.03
2016-11-04,107.93182509459,29.399827293359,148.4211497295,755.05
2016-11-07,109.48872481343001,30.130197298991,151.6246239971,784.93
2016-11-08,110.13330113014999,30.188626899440997,152.45226932459,787.75
2016-11-09,109.95480307321002,30.539204502144,152.09857455783995,771.88
2016-11-10,106.89058642913,30.188626899440997,157.41382091375,742.38
2016-11-11,107.52524618712,30.539204502144,158.44543065011,739.01
2016-11-14,104.82794221563,30.548942768886,155.43902513272,719.07
2016-11-15,106.21626043625,30.870305571364003,155.89096844578998,743.24
2016-11-16,109.07222934725,30.743708103720998,156.50010943297,746.49
2016-11-17,109.03256311237,29.263491558974,157.00117701921005,756.4
2016-11-18,109.14164525828001,29.390089026616998,157.58084344249,760.16
2016-11-21,110.7977105643,29.263491558974,159.91915884491004,780.0
2016-11-22,110.86712647533001,29.107679291106,159.82091029858998,785.33
2016-11-23,110.30188262837,28.932390489755,159.14299532898002,780.12
2016-11-25,110.85720991662,29.302444625941,160.28267846629,780.37
2016-11-28,110.63904562479999,29.136894091332003,161.6385084055,766.77
2016-11-29,110.5299634789,29.049249690655998,160.66584779693997,762.52
2016-11-30,109.59780695934,29.039511423914,159.37879184015,750.57
2016-12-01,108.57640141131,28.679195554469,157.02082672847,743.65
2016-12-02,108.98298031878001,28.484430219634,157.21732382111,740.34
2016-12-05,108.19957218,28.757101688403,157.04047643773,759.36
2016-12-06,109.03256311237,28.562336353568,157.54154402397,764.72
2016-12-07,110.10355145398998,29.166108891557002,161.90377948057,770.42
2016-12-08,111.18445635433001,29.166108891557002,162.46379619459,767.33
2016-12-09,112.99918659986,29.273229825716,163.60347933190002,768.66
2016-12-12,112.35461028313999,29.380350759875,162.60134415943998,760.12
2016-12-13,114.22883988097999,29.789357963028998,165.34247860177,774.34
2016-12-14,114.22883988097999,29.662760495386,165.55862540367,768.82
2016-12-15,114.85358308026001,29.828311029995998,165.0772075267,761.0
2016-12-16,115.00233146103999,29.789357963028998,163.80980127917,757.77
2016-12-19,115.66674089520001,29.945170230897002,163.76067700601,766.0
2016-12-20,115.97415421548,29.760143162804,164.66456363216003,771.22
2016-12-21,116.08323636138,29.623807428419,164.39929255709,770.6
2016-12-22,115.31966134004,29.662760495386,164.13402148203002,766.34
2016-12-23,115.54774219056999,29.730928362579004,163.79015156991002,760.59
2016-12-27,116.28156753576,29.877002363705,164.21262031908998,771.4
2016-12-28,115.78573959982,29.623807428419,163.27925912905002,772.13
2016-12-29,115.75598992366999,29.662760495386,163.68207816896,765.15
2016-12-30,114.85358308026001,29.429042093584,163.08276203641,749.87
