,pl_name,hostname,disc_year,radius,temperature,mass,ra,dec,habitable
72,CT Cha b,CT Cha,2007,24.66,2600.0,5403.0,166.0375038,-76.4553693,False
73,CoRoT-1 b,CoRoT-1,2008,16.7,1898.0,327.35,102.0798591,-3.1021394,False
74,CoRoT-10 b,CoRoT-10,2010,10.87,600.0,874.0,291.0636813,0.7460143,False
75,CoRoT-11 b,CoRoT-11,2010,16.03,1657.0,740.51,280.6872998,5.9376586,False
76,CoRoT-12 b,CoRoT-12,2010,16.14,1442.0,291.438,100.7656871,-1.2964437,False
77,CoRoT-13 b,CoRoT-13,2010,9.92,1700.0,415.704,102.7211432,-5.0864557,False
78,CoRoT-14 b,CoRoT-14,2010,12.22,1952.0,2415.4,103.4242023,-5.5360385,False
80,CoRoT-17 b,CoRoT-17,2011,11.43,1626.0,772.29,278.699236,-6.612288,False
81,CoRoT-18 b,CoRoT-18,2011,14.68,1550.0,1102.82,98.1724172,-0.0316045,False
82,CoRoT-19 b,CoRoT-19,2011,14.46,2000.0,352.78,97.0335983,-0.1707293,False
87,CoRoT-22 b,CoRoT-22,2014,4.88,885.0,12.2,280.6671392,6.2191669,False
88,CoRoT-23 b,CoRoT-23,2011,11.77,1660.0,889.9,279.7826586,4.3577516,False
89,CoRoT-24 b,CoRoT-24,2014,3.7,1070.0,5.7,101.922543,-3.7192892,False
90,CoRoT-24 c,CoRoT-24,2014,5.0,850.0,28.0,101.922543,-3.7192892,False
91,CoRoT-25 b,CoRoT-25,2013,12.11,1330.0,85.81,280.6296561,6.5138223,False
92,CoRoT-26 b,CoRoT-26,2013,14.12,1600.0,165.26,279.7504991,6.9697828,False
93,CoRoT-27 b,CoRoT-27,2014,11.287,1500.0,3302.11,278.4958319,5.5383811,False
99,CoRoT-4 b,CoRoT-4,2008,13.34,1074.0,228.83,102.1946233,-0.6727861,False
100,CoRoT-5 b,CoRoT-5,2009,15.558,1438.0,148.42,101.2772396,0.8152163,False
101,CoRoT-6 b,CoRoT-6,2009,13.068,1017.0,940.74,281.0725563,6.6632062,False
105,CoRoT-9 b,CoRoT-9,2009,11.949,420.0,266.9772,280.7866461,6.2040783,False
106,CoRoTID 223977153 b,CoRoTID 223977153,2017,6.389,938.0,47.6745,100.1951714,9.2573953,False
143,EPIC 246851721 b,EPIC 246851721,2018,11.781,1401.0,953.49,78.9198197,16.2786991,False
144,EPIC 248847494 b,EPIC 248847494,2018,12.442,183.0,4131.79,159.3890808,11.8427484,False
145,EPIC 249893012 b,EPIC 249893012,2020,1.95,1616.0,8.75,228.2482353,-16.7246474,False
146,EPIC 249893012 c,EPIC 249893012,2020,3.67,990.0,14.67,228.2482353,-16.7246474,False
147,EPIC 249893012 d,EPIC 249893012,2020,3.94,752.0,10.18,228.2482353,-16.7246474,False
153,GJ 1132 b,GJ 1132,2015,1.13,529.0,1.66,153.7090696,-47.1549358,False
159,GJ 1252 b,GJ 1252,2020,1.193,1089.0,2.09,306.9286462,-56.4622865,False
161,GJ 143 b,GJ 143,2019,2.61,422.0,22.7,51.7501882,-63.500166,False
195,GJ 3470 b,GJ 3470,2012,4.57,594.0,13.9,119.7735021,15.391209,False
196,GJ 3473 b,GJ 3473,2020,1.264,773.0,1.86,120.5936065,3.3371629,False
199,GJ 357 b,GJ 357,2019,1.217,525.0,1.84,144.0074644,-21.6650634,False
208,GJ 414 A b,GJ 414 A,2021,2.63,309.0,7.6,167.7745044,30.4451688,False
209,GJ 414 A c,GJ 414 A,2021,8.4,125.0,53.83,167.7745044,30.4451688,False
217,GJ 486 b,GJ 486,2021,1.305,701.0,2.82,191.981531,9.7494181,False
257,GQ Lup b,GQ Lup,2004,33.6,2650.0,6356.0,237.3003643,-35.6515055,False
259,GU Psc b,GU Psc,2014,14.179,1050.0,3591.3,18.146485,17.0650029,False
263,HAT-P-1 b,HAT-P-1,2006,14.785,1322.0,166.86075,344.4453632,38.674919,False
266,HAT-P-12 b,HAT-P-12,2009,10.749,963.0,67.059,209.3886452,43.49331,False
271,HAT-P-16 b,HAT-P-16,2010,14.448,1626.0,1332.605,9.5730343,42.4630961,False
274,HAT-P-18 b,HAT-P-18,2010,11.153,852.0,62.61,256.346376,33.0123251,False
275,HAT-P-19 b,HAT-P-19,2010,12.689,1010.0,92.802,9.5165832,34.7114025,False
277,HAT-P-20 b,HAT-P-20,2010,9.718,970.0,2302.899,111.9164295,24.3361185,False
282,HAT-P-25 b,HAT-P-25,2010,12.722,1182.0,180.84527,48.4354731,25.1973548,False
285,HAT-P-28 b,HAT-P-28,2011,13.585,1384.0,198.953,13.0009159,34.728402,False
290,HAT-P-32 b,HAT-P-32,2011,22.194,1836.0,216.1244,31.0427614,46.6878512,False
294,HAT-P-36 b,HAT-P-36,2011,14.314,1781.0,587.41341,188.2662048,44.9153672,False
295,HAT-P-37 b,HAT-P-37,2011,13.204,1271.0,371.528,284.2960393,51.2691212,False
296,HAT-P-38 b,HAT-P-38,2012,9.247,1082.0,84.857,35.3834942,32.2460441,False
297,HAT-P-39 b,HAT-P-39,2012,17.609,1752.0,190.372,113.7582526,17.8300283,False
298,HAT-P-4 b,HAT-P-4,2007,14.28,1686.0,213.255,229.99122,36.229545,False
301,HAT-P-42 b,HAT-P-42,2012,14.348,1428.0,331.801,135.3443583,6.0970828,False
302,HAT-P-43 b,HAT-P-43,2012,14.359,1361.0,210.395,128.9256885,10.2065866,False
303,HAT-P-44 b,HAT-P-44,2014,13.922,1108.0,111.871,213.1438604,47.0147826,False
305,HAT-P-45 b,HAT-P-45,2014,15.984,1652.0,283.492,274.3732697,-3.3810594,False
306,HAT-P-46 b,HAT-P-46,2014,14.392,1458.0,156.684,270.4441831,-2.97098,False
309,HAT-P-50 b,HAT-P-50,2015,14.437,1862.0,429.0705,118.0634379,12.1393474,False
310,HAT-P-51 b,HAT-P-51,2015,14.493,1192.0,98.20947,21.0651251,32.8107,False
311,HAT-P-52 b,HAT-P-52,2015,11.31,1218.0,259.98494,42.7217412,29.0222492,False
312,HAT-P-53 b,HAT-P-53,2015,14.773,1778.0,471.65972,21.8711012,38.9681137,False
313,HAT-P-54 b,HAT-P-54,2015,10.581,818.0,241.5508,99.8979924,25.4824005,False
314,HAT-P-55 b,HAT-P-55,2015,13.249,1313.0,184.97706,264.2735096,25.7311468,False
318,HAT-P-65 b,HAT-P-65,2016,21.185,1930.0,167.49641,315.9054895,11.9893675,False
319,HAT-P-66 b,HAT-P-66,2016,17.822,1896.0,248.86089,150.5726262,53.9508237,False
320,HAT-P-67 b,HAT-P-67,2017,23.371,1903.0,108.0622,256.6107279,44.7768849,False
321,HAT-P-68 b,HAT-P-68,2020,12.016,1028.0,230.10892,118.4831501,23.9382192,False
322,HAT-P-69 b,HAT-P-69,2019,18.786,1930.0,1137.8314,130.5056385,3.7105662,False
324,HAT-P-70 b,HAT-P-70,2019,20.961,2562.0,2154.8874,74.5523332,9.9979794,False
326,HAT-P-9 b,HAT-P-9,2008,15.614,1540.0,238.05467,110.1685157,37.1405946,False
327,HATS-1 b,HATS-1,2012,14.594,1359.0,589.55,175.5252399,-23.3548451,False
328,HATS-10 b,HATS-10,2015,10.862,1407.0,167.17858,294.3068385,-22.2044872,False
331,HATS-13 b,HATS-13,2015,13.585,1244.0,172.58169,316.9614798,-26.0967205,False
332,HATS-14 b,HATS-14,2015,11.646,1276.0,340.39593,313.2154754,-25.6873756,False
333,HATS-15 b,HATS-15,2016,12.386,1505.0,689.6911,311.0920041,-19.4375266,False
334,HATS-16 b,HATS-16,2016,14.572,1592.0,1039.3041,358.5588439,-30.0130385,False
335,HATS-17 b,HATS-17,2016,8.709,814.0,425.25654,192.1895676,-47.6136789,False
336,HATS-18 b,HATS-18,2016,14.897,2069.0,629.14449,173.9574203,-29.1560639,False
337,HATS-2 b,HATS-2,2013,13.092,1577.0,427.463,176.7388264,-22.5630097,False
338,HATS-22 b,HATS-22,2017,10.682,858.0,870.8542,174.0098693,-29.5433642,False
339,HATS-23 b,HATS-23,2017,20.849,1654.0,467.2101,286.36675,-50.0673496,False
340,HATS-24 b,HATS-24,2017,15.637,2166.0,718.2958,268.8907069,-61.7474,False
341,HATS-25 b,HATS-25,2016,14.123,1277.0,194.82979,207.9076746,-23.7812403,False
342,HATS-26 b,HATS-26,2016,19.616,1918.0,206.5895,144.9268593,-28.5856004,False
343,HATS-27 b,HATS-27,2016,16.814,1659.0,168.4499,193.5524603,-46.5877159,False
344,HATS-28 b,HATS-28,2016,13.384,1253.0,213.58176,284.3997616,-49.1385126,False
345,HATS-29 b,HATS-29,2016,14.022,1212.0,207.54299,285.0965172,-54.8933408,False
346,HATS-3 b,HATS-3,2013,15.48,1648.0,340.382,312.4574879,-24.4286938,False
347,HATS-30 b,HATS-30,2016,13.171,1414.0,224.38798,5.618525,-59.9425892,False
348,HATS-31 b,HATS-31,2016,18.383,1823.0,279.6904,191.7028214,-24.4273897,False
349,HATS-32 b,HATS-32,2016,14.0,1437.0,292.4036,346.0750861,-21.2720168,False
350,HATS-33 b,HATS-33,2016,13.787,1429.0,378.85336,294.6336944,-55.3302692,False
351,HATS-34 b,HATS-34,2016,16.029,1445.0,299.07803,0.7744866,-62.4693167,False
352,HATS-35 b,HATS-35,2016,16.41,2037.0,388.38826,296.688442,-63.5656488,False
354,HATS-37 A b,HATS-37 A,2020,6.793,1085.0,31.46517,199.80183,-22.9868431,False
355,HATS-38 b,HATS-38,2020,6.882,1294.0,23.51942,154.2710615,-25.2762982,False
356,HATS-39 b,HATS-39,2018,17.598,1645.0,200.2329,112.4192251,-29.9379163,False
357,HATS-4 b,HATS-4,2014,11.433,1315.0,420.471,94.1120914,-22.5468824,False
358,HATS-40 b,HATS-40,2018,17.71,2101.0,505.3497,100.5712467,-29.77678,False
359,HATS-41 b,HATS-41,2018,14.908,1710.0,3082.951,103.5173558,-27.0504156,False
360,HATS-42 b,HATS-42,2018,15.693,1856.0,597.5204,108.4523991,-33.4373462,False
361,HATS-43 b,HATS-43,2018,13.227,1003.0,82.95363,80.5382418,-30.9708179,False
362,HATS-44 b,HATS-44,2018,11.96,1161.0,177.9848,84.3267559,-27.9725758,False
363,HATS-45 b,HATS-45,2018,14.415,1518.0,222.481,101.9942455,-21.9107112,False
364,HATS-46 b,HATS-46,2018,10.122,1054.0,54.98459,6.7026401,-56.3161021,False
365,HATS-47 b,HATS-47,2020,12.52,853.0,117.27927,287.4844021,-49.6649424,False
366,HATS-48 A b,HATS-48 A,2020,8.967,955.0,77.23269,288.6720048,-59.5793505,False
367,HATS-49 b,HATS-49,2020,8.575,835.0,112.19399,6.6135927,-56.3442798,False
368,HATS-5 b,HATS-5,2014,10.223,1025.0,75.323,67.2228465,-21.4820568,False
370,HATS-51 b,HATS-51,2017,15.805,1553.0,244.09344,102.8474248,-29.0586551,False
371,HATS-52 b,HATS-52,2017,15.491,1834.0,711.9392,140.0875894,-31.2692116,False
372,HATS-53 b,HATS-53,2017,15.02,1312.0,189.10885,176.628323,-33.8600764,False
373,HATS-54 b,HATS-54,2019,11.96,1625.0,241.5508,200.6348641,-44.6888393,False
374,HATS-55 b,HATS-55,2019,14.022,1367.0,292.72143,114.2833819,-32.7554188,False
375,HATS-56 b,HATS-56,2019,18.921,1902.0,191.33366,180.165072,-45.7994559,False
376,HATS-57 b,HATS-57,2019,12.767,1413.0,1000.21101,60.9482779,-19.0568182,False
377,HATS-58 A b,HATS-58 A,2019,12.274,1721.0,327.3649,186.7873036,-48.9784105,False
378,HATS-59 b,HATS-59,2018,12.621,1128.0,256.17098,170.324325,-22.388177,False
380,HATS-6 b,HATS-6,2015,11.187,713.0,101.38777,88.1468079,-19.0316268,False
381,HATS-60 b,HATS-60,2018,12.924,1528.0,210.40346,341.3640336,-14.9917747,False
382,HATS-61 b,HATS-61,2018,13.395,1226.0,1080.622,61.6578005,-25.3496674,False
383,HATS-62 b,HATS-62,2018,11.825,1237.0,56.89157,312.4493079,-24.303506,False
384,HATS-63 b,HATS-63,2018,13.529,1398.0,305.1168,67.418582,-28.1972149,False
385,HATS-64 b,HATS-64,2018,18.82,1793.0,305.1168,144.2876092,-29.800444,False
386,HATS-65 b,HATS-65,2018,16.825,1634.0,260.93843,292.9397825,-26.7402021,False
387,HATS-66 b,HATS-66,2018,15.816,1998.0,1694.0339,101.3948048,-33.8816918,False
388,HATS-67 b,HATS-67,2018,18.887,2193.0,460.8535,180.2087883,-46.1364201,False
389,HATS-68 b,HATS-68,2018,13.809,1741.0,410.0007,15.006077,-58.9047242,False
390,HATS-69 b,HATS-69,2018,10.593,1296.0,183.38791,289.2974275,-60.8917599,False
391,HATS-7 b,HATS-7,2015,6.311,1084.0,38.1396,208.8567465,-21.2078587,False
392,HATS-70 b,HATS-70,2019,15.513,2730.0,4100.007,109.1045212,-31.2443947,False
393,HATS-71 b,HATS-71,2020,11.478,587.0,117.5971,15.5518893,-61.7561333,False
394,HATS-72 b,HATS-72,2020,8.097,739.0,39.85588,339.0258401,-17.0003046,False
395,HATS-8 b,HATS-8,2015,9.785,1324.0,43.86054,294.9416887,-25.7483655,False
424,HD 106315 b,HD 106315,2017,2.44,1153.0,12.6,183.4724742,-0.3934357,False
425,HD 106315 c,HD 106315,2017,4.35,886.0,15.2,183.4724742,-0.3934357,False
447,HD 110113 b,HD 110113,2021,2.05,1371.0,4.55,190.0365636,-44.3120777,False
506,HD 136352 b,HD 136352,2019,1.482,911.0,4.62,230.4401147,-48.3188174,False
507,HD 136352 c,HD 136352,2019,2.608,682.0,11.29,230.4401147,-48.3188174,False
517,HD 1397 b,HD 1397,2018,11.5,1228.0,131.89945,4.4471631,-66.3589285,False
553,HD 15337 b,HD 15337,2019,1.64,1001.0,7.51,36.8678846,-27.6361171,False
554,HD 15337 c,HD 15337,2019,2.39,642.0,8.11,36.8678846,-27.6361171,False
639,HD 183579 b,HD 183579,2021,3.55,769.0,19.7,293.2866147,-54.5327284,False
673,HD 202772 A b,HD 202772 A,2019,17.318,2132.0,323.23311,319.6995877,-26.6163743,False
707,HD 213885 b,HD 213885,2019,1.745,2128.0,8.83,338.9837166,-59.864829,False
727,HD 21749 c,GJ 143,2019,0.892,701.0,3.7,51.7501882,-63.500166,False
732,HD 219134 b,HD 219134,2015,1.602,1015.0,4.74,348.3372026,57.1696255,False
733,HD 219134 c,HD 219134,2015,1.511,782.0,4.36,348.3372026,57.1696255,False
734,HD 219134 d,HD 219134,2015,1.61,410.0,16.17,348.3372026,57.1696255,False
735,HD 219134 f,HD 219134,2015,1.31,523.0,7.3,348.3372026,57.1696255,False
739,HD 219666 b,HD 219666,2018,4.71,1073.0,16.6,349.5592665,-56.9039857,False
775,HD 2685 b,HD 2685,2019,16.141,2061.0,371.8611,7.3289156,-76.304032,False
808,HD 332231 b,HD 332231,2020,9.718,876.0,77.55052,306.741134,33.7443882,False
876,HD 5278 b,HD 5278,2021,2.45,943.0,7.8,12.5467785,-83.7437671,False
948,HD 86226 c,HD 86226,2020,2.16,1311.0,7.25,149.1235154,-24.0991859,False
956,HD 89345 b,HD 89345,2018,7.398,1089.0,34.9613,154.6710977,10.1288464,False
971,HD 95338 b,HD 95338,2020,3.89,385.0,42.44,164.8563364,-56.6235564,False
1016,HIP 65 A b,HIP 65 A,2020,22.754,1411.0,1021.18779,0.1856063,-54.8308228,False
1019,HIP 65426 b,HIP 65426,2017,16.814,1500.0,2860.47,201.1501727,-51.5045384,False
1037,HR 2562 b,HR 2562,2016,12.442,1200.0,9534.9,102.5042716,-60.2486775,False
1046,HR 8799 e,HR 8799,2010,13.115,1150.0,3178.3,346.8701486,21.1340376,False
1093,K2-137 b,K2-137,2017,0.89,1471.0,158.915,186.870426,-6.1952168,False
1154,K2-18 b,K2-18,2015,2.37,284.0,8.92,172.560141,7.5878315,False
1210,K2-216 b,K2-216,2018,1.75,1103.0,8.0,11.4802354,6.3470302,False
1216,K2-22 b,K2-22,2015,2.5,2100.0,444.962,169.4827046,2.6190363,False
1232,K2-232 b,K2-232,2018,11.209,1030.0,126.49634,73.7667927,18.654323,False
1233,K2-233 b,K2-233,2018,1.343,1121.0,11.26,230.4799011,-20.2317975,False
1234,K2-233 c,K2-233,2018,1.281,790.0,12.81,230.4799011,-20.2317975,False
1235,K2-233 d,K2-233,2018,2.358,523.0,21.14,230.4799011,-20.2317975,False
1236,K2-237 b,K2-237,2018,18.405,1838.0,392.83788,253.7688479,-28.7105836,False
1237,K2-238 b,K2-238,2018,14.572,1587.0,273.3338,347.7043164,-7.8575592,False
1269,K2-260 b,K2-260,2018,17.396,1957.0,451.3186,76.8673317,16.8676948,False
1270,K2-261 b,K2-261,2018,9.528,1080.0,70.87609,163.0323119,0.493167,False
1271,K2-263 b,K2-263,2018,2.41,470.0,14.8,129.6821253,15.6806039,False
1275,K2-266 b,K2-266,2018,3.3,1515.0,11.26782,157.9356855,0.9372782,False
1276,K2-266 c,K2-266,2018,0.705,664.0,0.29013,157.9356855,0.9372782,False
1277,K2-266 d,K2-266,2018,2.93,538.0,8.9,157.9356855,0.9372782,False
1278,K2-266 e,K2-266,2018,2.73,490.0,14.3,157.9356855,0.9372782,False
1282,K2-27 b,K2-27,2016,4.48,902.0,30.9,171.5151874,1.2306237,False
1301,K2-285 b,K2-285,2018,2.59,1089.0,9.68,349.3843458,1.3001522,False
1302,K2-285 c,K2-285,2018,3.53,741.0,15.68,349.3843458,1.3001522,False
1303,K2-285 d,K2-285,2018,2.48,620.0,6.5,349.3843458,1.3001522,False
1304,K2-285 e,K2-285,2018,1.95,501.0,10.7,349.3843458,1.3001522,False
1306,K2-287 b,K2-287,2018,9.494,804.0,100.11645,233.0743401,-22.3583447,False
1309,K2-29 b,K2-29,2016,13.339,1171.0,232.0159,62.670422,24.4016558,False
1310,K2-290 b,K2-290,2019,3.06,1230.0,10.9,234.8578846,-20.1988975,False
1311,K2-290 c,K2-290,2019,11.276,676.0,246.00042,234.8578846,-20.1988975,False
1313,K2-292 b,K2-292,2019,2.63,795.0,24.5,205.3758786,-9.9460704,False
1316,K2-295 b,K2-295,2018,10.054,852.0,106.47305,19.6101417,6.8167277,False
1320,K2-30 b,K2-30,2016,11.646,1092.0,184.02357,52.3420548,22.2993491,False
1329,K2-32 b,K2-32,2016,5.299,837.0,15.0,252.426008,-19.5430504,False
1330,K2-32 c,K2-32,2016,3.134,634.0,8.1,252.426008,-19.5430504,False
1331,K2-32 d,K2-32,2016,3.484,550.0,6.7,252.426008,-19.5430504,False
1332,K2-32 e,K2-32,2019,1.212,1066.0,2.1,252.426008,-19.5430504,False
1340,K2-329 b,K2-329,2020,8.676,650.0,82.6358,351.1353785,-5.1641451,False
1345,K2-36 b,K2-36,2016,1.43,1224.0,3.9,169.4490102,3.8665038,False
1346,K2-36 c,K2-36,2016,3.2,788.0,7.8,169.4490102,3.8665038,False
1351,K2-38 c,K2-38,2016,2.42,858.0,9.9,240.0333095,-23.1894196,False
1377,K2-60 b,K2-60,2016,7.656,1400.0,135.39558,338.6062312,-13.7318044,False
1385,K2-66 b,K2-66,2016,2.49,1372.0,21.3,331.5266563,-10.7115362,False
1425,KELT-10 b,KELT-10,2016,15.681,1377.0,215.80657,284.5483823,-47.0033072,False
1427,KELT-12 b,KELT-12,2017,19.952,1800.0,301.9385,267.6404906,36.5701761,False
1428,KELT-14 b,KELT-14,2016,19.537,1970.0,408.09372,108.301409,-42.4097623,False
1430,KELT-16 b,KELT-16,2017,15.861,2453.0,874.0325,314.2685227,31.6610186,False
1431,KELT-17 b,KELT-17,2016,17.094,2087.0,416.3573,125.617407,13.7353093,False
1432,KELT-18 b,KELT-18,2017,17.598,2085.0,375.0394,216.5238248,59.4442735,False
1433,KELT-19 A b,KELT-19 A,2017,21.409,1935.0,1293.5681,111.5095293,7.6157759,False
1435,KELT-20 b,KELT-20,2017,19.515,2262.0,1074.90106,294.6614126,31.2192001,False
1436,KELT-21 b,KELT-21,2018,17.777,2051.0,1242.7153,304.8000322,32.5810446,False
1437,KELT-23 A b,KELT-23 A,2019,14.83,1561.0,298.12454,232.1466406,66.3587097,False
1438,KELT-24 b,KELT-24,2019,14.258,1459.0,1646.3594,161.9090273,71.655727,False
1440,KELT-4 A b,KELT-4 A,2016,19.044,1823.0,286.68266,157.06262,25.5731366,False
1445,KELT-9 b,KELT-9,2017,21.196,4050.0,915.3504,307.8598998,39.9389161,False
1478,KOI-13 b,KOI-13,2011,16.948,2550.0,2949.4624,286.9713876,46.8682463,False
1493,KOI-3680 b,KOI-3680,2018,11.097,347.0,613.4119,293.2815266,45.3096572,False
1496,KOI-94 b,KOI-94,2013,1.71,1486.0,10.5,297.3330716,41.8911186,False
1497,KOI-94 c,KOI-94,2013,4.32,1012.0,15.6,297.3330716,41.8911186,False
1498,KOI-94 d,KOI-94,2013,11.27,806.0,106.0,297.3330716,41.8911186,False
1499,KOI-94 e,KOI-94,2013,6.56,584.0,35.0,297.3330716,41.8911186,False
1500,KPS-1 b,KPS-1,2018,11.545,1459.0,346.4347,165.167198,64.9638452,False
1502,Kepler-10 b,Kepler-10,2011,1.481,2130.0,4.60853,285.679298,50.2414842,False
1518,Kepler-101 b,Kepler-101,2014,5.77,1513.0,51.1,283.255507,48.3552474,False
1519,Kepler-101 c,Kepler-101,2014,1.25,1413.0,3.78,283.255507,48.3552474,False
1600,Kepler-107 b,Kepler-107,2014,1.536,1593.0,3.51,297.028162,48.2086019,False
1601,Kepler-107 c,Kepler-107,2014,1.597,1379.0,9.39,297.028162,48.2086019,False
1602,Kepler-107 d,Kepler-107,2014,0.86,1173.0,3.8,297.028162,48.2086019,False
1603,Kepler-107 e,Kepler-107,2014,2.903,955.0,8.6,297.028162,48.2086019,False
1736,Kepler-117 b,Kepler-117,2014,8.059,984.0,29.875,288.7930651,48.040176,False
1737,Kepler-117 c,Kepler-117,2014,12.341,704.0,584.78,288.7930651,48.040176,False
1772,Kepler-12 b,Kepler-12,2011,19.661,1480.0,137.30256,286.2434458,50.0403671,False
2185,Kepler-1514 b,Kepler-1514,2016,12.42,388.0,1678.1424,292.6274943,37.8601653,False
2367,Kepler-1654 b,Kepler-1654,2018,9.18,206.0,158.915,282.1856949,44.4344617,False
2369,Kepler-1656 b,Kepler-1656,2018,5.02,651.0,48.6,284.4722473,39.911889,False
2374,Kepler-1661 b,Kepler-1661,2020,3.87,243.0,17.0,285.1670927,41.9669383,False
2424,Kepler-17 b,Kepler-17,2011,14.68,1570.0,778.65,298.3952437,47.8149865,False
2511,Kepler-20 b,Kepler-20,2011,1.868,1105.0,9.7,287.6979913,42.3385782,False
2512,Kepler-20 c,Kepler-20,2011,3.047,772.0,12.75,287.6979913,42.3385782,False
2513,Kepler-20 d,Kepler-20,2011,2.744,401.0,10.07,287.6979913,42.3385782,False
2542,Kepler-21 b,Kepler-21,2012,1.639,2025.0,5.08,287.3619673,38.7141384,False
2568,Kepler-22 b,Kepler-22,2011,2.38,262.0,36.0,289.2172051,47.8841427,True
3019,Kepler-38 b,Kepler-38,2012,4.3,475.0,122.0,286.830312,42.2791434,False
3041,Kepler-39 b,Kepler-39,2011,13.9,897.0,6388.1,296.9603348,46.0342954,False
3064,Kepler-4 b,Kepler-4,2009,4.002,1650.0,24.472,285.6154492,50.1357712,False
3065,Kepler-40 b,Kepler-40,2010,13.11,1620.0,699.2,296.8136883,47.5265446,False
3088,Kepler-41 b,Kepler-41,2011,14.46,1790.0,177.98,294.5132465,45.9816453,False
3090,Kepler-411 b,Kepler-411,2013,2.401,1138.0,25.6,287.6057027,49.5233937,False
3091,Kepler-411 c,Kepler-411,2016,4.421,838.0,26.4,287.6057027,49.5233937,False
3092,Kepler-411 d,Kepler-411,2018,3.319,410.0,15.2,287.6057027,49.5233937,False
3094,Kepler-412 b,Kepler-412,2014,15.031,1850.0,299.07803,286.1103053,43.6809612,False
3112,Kepler-423 b,Kepler-423,2014,13.361,1605.0,189.101,292.8557189,46.3911883,False
3115,Kepler-425 b,Kepler-425,2014,10.962,1070.0,79.45,290.3579781,40.5676965,False
3116,Kepler-426 b,Kepler-426,2014,12.22,1300.0,108.06,289.4346668,49.473455,False
3117,Kepler-427 b,Kepler-427,2014,13.79,1100.0,92.17,288.2545808,43.7048379,False
3118,Kepler-428 b,Kepler-428,2014,12.11,1070.0,403.63,290.5817432,40.5773106,False
3119,Kepler-43 b,Kepler-43,2011,13.664,1620.0,1026.5909,285.2408288,46.6682411,False
3127,Kepler-433 b,Kepler-433,2015,16.25,1776.0,896.24,297.5936232,40.9772546,False
3128,Kepler-434 b,Kepler-434,2015,12.67,1000.0,908.96,293.5863887,42.9288624,False
3129,Kepler-435 b,Kepler-435,2015,22.31,1729.0,266.97,292.2873012,43.1972542,False
3135,Kepler-44 b,Kepler-44,2011,12.22,1544.0,317.82,300.1023512,45.7621918,False
3155,Kepler-45 b,Kepler-45,2011,10.76,1000.0,160.497,292.8729292,41.0641727,False
3164,Kepler-46 b,Kepler-46,2012,9.057,543.0,1907.0,289.2687388,42.6041819,False
3220,Kepler-5 b,Kepler-5,2009,15.984,1750.0,670.93913,299.4070341,44.0350387,False
3232,Kepler-51 b,Kepler-51,2012,7.1,543.0,2.1,296.4797624,49.9376486,False
3233,Kepler-51 c,Kepler-51,2012,9.0,439.0,4.0,296.4797624,49.9376486,False
3234,Kepler-51 d,Kepler-51,2014,9.7,381.0,7.6,296.4797624,49.9376486,False
3272,Kepler-538 b,Kepler-538,2016,2.215,380.0,10.6,297.4865503,49.6233975,False
3273,Kepler-539 b,Kepler-539,2016,8.373,388.0,308.2951,299.1224639,41.8667953,False
3358,Kepler-6 b,Kepler-6,2009,14.617,1460.0,212.31044,296.8372475,48.2399695,False
3389,Kepler-62 b,Kepler-62,2013,1.31,750.0,9.0,283.2125621,45.3496992,False
3390,Kepler-62 c,Kepler-62,2013,0.54,578.0,4.0,283.2125621,45.3496992,False
3391,Kepler-62 d,Kepler-62,2013,1.95,510.0,14.0,283.2125621,45.3496992,False
3392,Kepler-62 e,Kepler-62,2013,1.61,270.0,36.0,283.2125621,45.3496992,True
3393,Kepler-62 f,Kepler-62,2013,1.41,208.0,35.0,283.2125621,45.3496992,True
3489,Kepler-7 b,Kepler-7,2009,18.181,1630.0,140.16303,288.5814928,41.0897335,False
3535,Kepler-74 b,Kepler-74,2013,10.76,1078.0,200.22,293.0925275,41.3555095,False
3546,Kepler-75 b,Kepler-75,2013,11.77,767.0,3209.9,291.1376203,36.5773443,False
3562,Kepler-76 b,Kepler-76,2013,15.244,2140.0,638.8383,294.1921185,39.6189727,False
3575,Kepler-77 b,Kepler-77,2013,10.761,1440.0,136.661,289.6079433,44.3454347,False
3614,Kepler-8 b,Kepler-8,2010,15.872,1680.0,187.5197,281.2881335,42.4510975,False
3713,Kepler-87 b,Kepler-87,2013,13.49,478.0,324.2,297.9168433,46.9651146,False
3714,Kepler-87 c,Kepler-87,2013,6.14,403.0,6.4,297.9168433,46.9651146,False
3762,Kepler-91 b,Kepler-91,2013,15.323,2040.0,257.4423,285.6729033,44.1167513,False
3873,L 168-9 b,L 168-9,2020,1.39,965.0,4.6,350.0285917,-60.0657292,False
3874,L 98-59 b,L 98-59,2019,0.8,610.0,1.01,124.5328604,-68.3144658,False
3875,L 98-59 c,L 98-59,2019,1.35,517.0,2.42,124.5328604,-68.3144658,False
3876,L 98-59 d,L 98-59,2019,1.57,409.0,2.31,124.5328604,-68.3144658,False
3877,LHS 1140 b,LHS 1140,2017,1.635,379.0,6.38,11.248632,-15.2741085,True
3878,LHS 1140 c,LHS 1140,2018,1.169,709.0,1.76,11.248632,-15.2741085,False
3879,LHS 1478 b,LHS 1478,2021,1.242,595.0,2.33,44.3388743,76.5514045,False
3880,LHS 1815 b,LHS 1815,2020,1.088,617.0,8.7,91.0899861,-55.3115376,False
3882,LP 714-47 b,LP 714-47,2020,4.7,700.0,30.8,64.1902212,-12.0848643,False
3886,LTT 1445 A b,LTT 1445 A,2019,1.38,433.0,2.2,45.4624781,-16.5944956,False
3887,LTT 3780 b,LTT 3780,2020,1.332,892.0,2.62,154.6449033,-11.717801,False
3888,LTT 3780 c,LTT 3780,2020,2.3,353.0,8.6,154.6449033,-11.717801,False
3889,LTT 9779 b,LTT 9779,2020,4.72,1978.0,29.32,358.6688767,-37.6282237,False
3893,MASCARA-1 b,MASCARA-1,2017,16.814,2570.0,1175.971,317.5515264,10.7388967,False
3894,MASCARA-4 b,MASCARA-4,2020,17.15,2100.0,985.273,147.5800667,-66.1139253,False
3927,NGTS-1 b,NGTS-1,2017,14.908,790.0,258.07796,82.7142134,-36.6309812,False
3929,NGTS-11 b,NGTS-11,2020,9.158,435.0,109.33352,23.5214497,-14.4191493,False
3930,NGTS-12 b,NGTS-12,2020,11.747,1257.0,66.10864,176.2499418,-35.640563,False
3931,NGTS-13 b,NGTS-13,2021,12.801,1605.0,1538.2972,176.2402326,-38.1397158,False
3932,NGTS-14 A b,NGTS-14 A,2021,4.977,1143.0,29.24036,328.5174799,-38.3774193,False
3933,NGTS-15 b,NGTS-15,2021,12.33,1146.0,238.68913,73.3553101,-32.8003484,False
3934,NGTS-16 b,NGTS-16,2021,14.572,1177.0,211.99155,58.2639299,-30.8046405,False
3935,NGTS-17 b,NGTS-17,2021,13.899,1457.0,242.8209,72.9005729,-34.2262128,False
3936,NGTS-18 b,NGTS-18,2021,13.563,1381.0,129.99182,180.5462193,-35.5486091,False
3937,NGTS-2 b,NGTS-2,2018,17.878,1468.0,235.1942,215.1227617,-31.2020698,False
3939,NGTS-4 b,NGTS-4,2019,3.18,1650.0,20.6,89.5988945,-30.8117992,False
3940,NGTS-5 b,NGTS-5,2019,12.733,952.0,72.78307,221.0582692,5.6053735,False
3941,NGTS-6 b,NGTS-6,2019,14.863,1284.0,425.57437,75.795382,-30.3994612,False
3942,NGTS-8 b,NGTS-8,2019,12.218,1345.0,295.5819,328.9759206,-14.0684399,False
3943,NGTS-9 b,NGTS-9,2019,11.994,1448.0,921.707,141.9206435,-19.3476477,False
4014,OGLE-TR-132 b,OGLE-TR-132,2004,13.45,2013.0,375.02,162.6440933,-61.9572476,False
4020,PDS 70 b,PDS 70,2018,30.488,1204.0,953.49,212.0421402,-41.3980405,False
4021,PDS 70 c,PDS 70,2019,22.866,995.0,635.66,212.0421402,-41.3980405,False
4022,PH1 b,PH1,2012,6.18,481.0,169.0,298.2150641,39.9550863,False
4036,Qatar-1 b,Qatar-1,2010,12.812,1418.0,411.27202,303.3818697,65.1623313,False
4037,Qatar-10 b,Qatar-10,2019,17.295,1955.0,233.92288,284.4439052,69.5708373,False
4038,Qatar-2 b,Qatar-2,2011,14.056,1344.0,792.635,207.6554928,-6.8040714,False
4039,Qatar-3 b,Qatar-3,2017,12.285,1681.0,1369.8473,359.1519716,36.2129562,False
4040,Qatar-4 b,Qatar-4,2017,12.722,1385.0,1938.763,4.859275,44.0275965,False
4041,Qatar-5 b,Qatar-5,2017,12.408,1415.0,1373.0256,7.0539375,42.0613451,False
4042,Qatar-6 b,Qatar-6,2017,11.904,1006.0,212.31044,222.2100773,22.1526136,False
4043,Qatar-7 b,Qatar-7,2019,19.055,2053.0,597.5204,358.5151344,37.0218242,False
4044,Qatar-8 b,Qatar-8,2019,14.404,1457.0,117.91493,157.4123405,70.5270835,False
4045,Qatar-9 b,Qatar-9,2019,11.31,1134.0,378.2177,160.748095,60.9641194,False
4056,TIC 237913194 b,TIC 237913194,2020,12.52,974.0,617.22586,22.4458116,-60.7399096,False
4058,TOI-1130 c,TOI-1130,2020,16.814,637.0,309.56642,286.3760037,-41.4376399,False
4060,TOI-1231 b,TOI-1231,2021,3.65,330.0,15.4,156.74726,-52.4678724,False
4061,TOI-1235 b,TOI-1235,2020,1.694,775.0,5.9,152.2182549,69.2766204,False
4062,TOI-125 b,TOI-125,2019,2.726,1037.0,9.5,23.5934253,-66.6763495,False
4063,TOI-125 c,TOI-125,2019,2.759,828.0,6.63,23.5934253,-66.6763495,False
4064,TOI-125 d,TOI-125,2020,2.93,638.0,13.6,23.5934253,-66.6763495,False
4065,TOI-1266 b,TOI-1266,2020,2.37,413.0,13.5,197.9965833,65.8336973,False
4066,TOI-1266 c,TOI-1266,2020,1.56,344.0,2.2,197.9965833,65.8336973,False
4067,TOI-132 b,TOI-132,2020,3.42,1395.0,22.4,338.3996623,-43.436872,False
4068,TOI-1333 b,TOI-1333,2021,15.648,1679.0,753.2571,325.0145363,48.4067674,False
4072,TOI-1478 b,TOI-1478,2021,11.882,918.0,270.47333,126.4337428,-13.5595485,False
4073,TOI-150.01,TOI-150,2019,14.067,1404.0,797.7533,112.965421,-73.6060358,False
4074,TOI-157 b,TOI-157,2020,14.415,1588.0,375.0394,73.7014398,-76.6806061,False
4075,TOI-1601 b,TOI-1601,2021,13.888,1619.0,314.6517,38.361569,41.0134321,False
4076,TOI-163 b,TOI-163,2019,16.69,1669.0,387.7526,79.7682532,-71.8955269,False
4077,TOI-169 b,TOI-169,2020,12.173,1715.0,251.40353,16.7786879,-75.1989452,False
4078,TOI-172 b,TOI-172,2019,10.817,1198.0,1722.6386,316.6318791,-26.6928654,False
4079,TOI-1728 b,TOI-1728,2020,5.05,767.0,26.78,120.6116787,64.7971531,False
4080,TOI-178 b,TOI-178,2021,1.152,1040.0,1.5,7.3020115,-30.4541159,False
4081,TOI-178 c,TOI-178,2021,1.669,873.0,4.77,7.3020115,-30.4541159,False
4082,TOI-178 d,TOI-178,2021,2.572,690.0,3.01,7.3020115,-30.4541159,False
4083,TOI-178 e,TOI-178,2021,2.207,600.0,3.86,7.3020115,-30.4541159,False
4084,TOI-178 f,TOI-178,2021,2.287,521.0,7.72,7.3020115,-30.4541159,False
4085,TOI-178 g,TOI-178,2021,2.87,470.0,3.94,7.3020115,-30.4541159,False
4086,TOI-1899 b,TOI-1899,2020,12.89,362.0,209.7678,299.4268472,40.1433462,False
4087,TOI-201 b,TOI-201,2021,11.299,759.0,133.4886,87.4017825,-54.910423,False
4088,TOI-216.01,TOI-216,2019,11.29,497.0,200.0,73.9800129,-63.2603301,False
4089,TOI-216.02,TOI-216,2019,7.69,628.0,30.0,73.9800129,-63.2603301,False
4090,TOI-220 b,TOI-220,2021,3.03,805.0,13.8,91.7996988,-61.9972098,False
4093,TOI-257 b,TOI-257,2021,7.163,1027.0,43.86032,47.5172608,-50.8322632,False
4094,TOI-269 b,TOI-269,2021,2.77,531.0,8.8,75.8462827,-54.1777213,False
4098,TOI-421 b,TOI-421,2020,2.68,981.0,7.17,81.8532824,-14.2767404,False
4099,TOI-421 c,TOI-421,2020,5.09,674.0,16.42,81.8532824,-14.2767404,False
4103,TOI-481 b,TOI-481,2020,11.097,1370.0,486.2799,110.5126861,-57.384998,False
4104,TOI-519 b,TOI-519,2021,11.994,760.0,4449.62,124.6067582,-19.6627918,False
4110,TOI-561 f,TOI-561,2020,2.32,750.0,3.0,148.1851516,6.216103,False
4111,TOI-564 b,TOI-564,2020,11.433,1714.0,464.98529,130.2951535,-16.0363275,False
4112,TOI-628 b,TOI-628,2021,11.882,1586.0,2011.8639,99.2630608,1.7675497,False
4113,TOI-640 b,TOI-640,2021,19.851,1749.0,279.6904,99.7345935,-36.64613,False
4114,TOI-677 b,TOI-677,2020,13.115,1252.0,392.83788,144.1193594,-50.4630933,False
4118,TOI-763 b,TOI-763,2020,2.28,1038.0,9.79,194.468098,-39.7580613,False
4119,TOI-763 c,TOI-763,2020,2.63,800.0,9.32,194.468098,-39.7580613,False
4120,TOI-776 b,TOI-776,2020,1.85,514.0,4.0,178.577997,-37.5533568,False
4121,TOI-776 c,TOI-776,2020,2.02,415.0,5.3,178.577997,-37.5533568,False
4123,TOI-824 b,TOI-824,2020,2.926,1253.0,18.467,222.1654705,-57.5888666,False
4126,TOI-892 b,TOI-892,2020,11.994,1397.0,301.9385,86.738228,-11.2353401,False
4127,TOI-905 b,TOI-905,2020,13.126,1192.0,211.99261,227.6586754,-71.3616316,False
4130,TOI-954 b,TOI-954,2020,9.55,1526.0,55.30242,61.9410587,-25.2088028,False
4145,TYC 8998-760-1 c,TYC 8998-760-1,2020,12.33,1240.0,1906.98,201.3001096,-64.9391566,False
4152,TrES-5 b,TrES-5,2011,13.384,1480.0,568.9157,305.2219454,59.4489033,False
4167,WASP-10 b,WASP-10,2008,12.106,1370.0,1001.12,348.9930457,31.4627508,False
4170,WASP-103 b,WASP-103,2014,17.127,2508.0,473.547,249.3148604,7.1833758,False
4171,WASP-104 b,WASP-104,2014,12.745,1516.0,404.263,160.6023689,7.4350768,False
4172,WASP-105 b,WASP-105,2017,10.761,900.0,572.094,24.1678686,-50.659308,False
4177,WASP-113 b,WASP-113,2016,15.793,1496.0,150.96925,224.8728589,46.9600996,False
4178,WASP-114 b,WASP-114,2016,15.009,2043.0,562.24127,327.6656953,10.4629385,False
4180,WASP-118 b,WASP-118,2016,16.141,1729.0,163.36462,19.5505861,2.7027847,False
4181,WASP-119 b,WASP-119,2016,15.693,1600.0,390.9309,55.9336392,-65.19378,False
4182,WASP-12 b,WASP-12,2008,21.712,2593.0,465.62095,97.636645,29.6722662,False
4183,WASP-120 b,WASP-120,2016,16.511,1880.0,1541.4755,62.6160813,-45.8982434,False
4184,WASP-121 b,WASP-121,2016,20.905,2358.0,375.99289,107.6002312,-39.0972705,False
4185,WASP-123 b,WASP-123,2016,14.773,1520.0,285.72917,289.4792124,-32.8601244,False
4186,WASP-124 b,WASP-124,2016,13.899,1400.0,190.698,332.7143373,-30.7497189,False
4190,WASP-129 b,WASP-129,2016,10.424,1100.0,317.83,176.2990518,-42.0639575,False
4192,WASP-130 b,WASP-130,2016,9.976,833.0,390.9309,203.1060194,-42.4752733,False
4193,WASP-131 b,WASP-131,2016,13.675,1460.0,85.8141,210.1935714,-30.5836084,False
4194,WASP-132 b,WASP-132,2016,9.752,763.0,130.3103,217.6091998,-46.159516,False
4195,WASP-133 b,WASP-133,2016,13.563,1790.0,368.6828,314.5754375,-35.7966224,False
4197,WASP-136 b,WASP-136,2016,15.468,1742.0,479.9233,0.325761,-8.9262512,False
4198,WASP-138 b,WASP-138,2016,12.218,1590.0,387.7526,41.6391598,-0.4641252,False
4199,WASP-139 b,WASP-139,2016,8.967,910.0,37.18611,49.562173,-41.3020235,False
4201,WASP-140 b,WASP-140,2016,16.141,1320.0,775.5052,60.3855387,-20.4509991,False
4202,WASP-141 b,WASP-141,2016,13.563,1540.0,854.9627,71.8244347,-17.1151736,False
4203,WASP-142 b,WASP-142,2016,17.15,2000.0,266.9772,140.5063164,-23.946102,False
4204,WASP-144 b,WASP-144,2018,9.528,1260.0,139.8452,320.7628761,-40.0484393,False
4205,WASP-145 A b,WASP-145 A,2018,10.088,1200.0,282.8687,322.2537644,-58.8361466,False
4206,WASP-147 b,WASP-147,2018,12.498,1404.0,87.40325,359.1915117,-22.1532316,False
4207,WASP-148 b,WASP-148,2020,8.093,940.0,92.48853,254.1305022,44.3025361,False
4210,WASP-150 b,WASP-150,2020,11.994,1460.0,2688.8418,264.2630197,53.0212751,False
4211,WASP-151 b,WASP-151,2017,12.666,1290.0,98.5273,349.0634651,0.3066895,False
4212,WASP-153 b,WASP-153,2017,17.374,1700.0,123.9537,279.2624729,40.0186905,False
4213,WASP-156 b,WASP-156,2017,5.717,970.0,40.68224,32.782085,2.4181937,False
4215,WASP-158 b,WASP-158,2018,11.994,1590.0,886.7457,4.1463468,-10.9764226,False
4216,WASP-159 b,WASP-159,2018,15.468,1850.0,174.8065,68.1364792,-38.9682973,False
4218,WASP-160 B b,WASP-160 B,2018,12.218,1119.0,88.35674,87.679561,-27.6233218,False
4219,WASP-161 b,WASP-161,2018,12.812,1557.0,791.3967,126.3378248,-11.5009889,False
4220,WASP-162 b,WASP-162,2018,11.209,910.0,1652.716,168.2929079,-17.6577794,False
4221,WASP-163 b,WASP-163,2018,13.473,1638.0,594.3421,256.5375549,-10.4130071,False
4222,WASP-164 b,WASP-164,2018,12.644,1610.0,676.9779,344.8735878,-60.4478194,False
4223,WASP-165 b,WASP-165,2018,14.123,1624.0,209.13214,357.5806472,-17.0775947,False
4224,WASP-166 b,WASP-166,2019,7.062,1270.0,32.10083,144.8751047,-20.9824191,False
4225,WASP-167 b,WASP-167,2017,17.71,2329.0,2542.64,196.0437932,-35.5495292,False
4226,WASP-168 b,WASP-168,2018,16.814,1340.0,133.4886,96.7446427,-46.8213635,False
4227,WASP-169 b,WASP-169,2019,14.617,1604.0,178.30263,127.3872297,-12.9447683,False
4229,WASP-170 b,WASP-170,2018,12.285,1422.0,508.528,135.4163028,-20.7203686,False
4230,WASP-171 b,WASP-171,2019,10.985,1642.0,344.52772,171.8450533,-44.0887035,False
4231,WASP-172 b,WASP-172,2018,17.598,1740.0,149.3801,199.433742,-47.2375748,False
4232,WASP-173 A b,WASP-173 A,2018,13.451,1880.0,1172.7927,354.1686959,-34.6113042,False
4233,WASP-174 b,WASP-174,2018,14.572,1490.0,413.179,195.7940145,-41.3848617,False
4234,WASP-175 b,WASP-175,2019,13.54,1571.0,314.6517,166.3187996,-34.1227453,False
4235,WASP-176 b,WASP-176,2020,16.87,1721.0,271.74465,313.6872928,9.1790688,False
4236,WASP-177 b,WASP-177,2019,17.71,1142.0,161.45764,334.7969885,-1.8344301,False
4237,WASP-178 b,WASP-178,2019,20.288,2470.0,527.5978,227.270329,-42.7049658,False
4240,WASP-180 A b,WASP-180 A,2019,13.899,1540.0,286.047,123.3922465,-1.9827874,False
4241,WASP-181 b,WASP-181,2019,13.271,1186.0,95.03117,26.7932253,3.1329325,False
4242,WASP-182 b,WASP-182,2019,9.528,1479.0,47.03884,311.673345,-41.8209828,False
4243,WASP-183 b,WASP-183,2019,16.477,1111.0,159.55066,163.7888521,-0.7370663,False
4244,WASP-184 b,WASP-184,2019,14.908,1480.0,181.1631,209.51701,-30.348153,False
4245,WASP-185 b,WASP-185,2019,14.011,1160.0,311.4734,214.0595791,-19.5423062,False
4248,WASP-19 b,WASP-19,2009,15.603,2520.0,339.76027,148.4167672,-45.6591078,False
4249,WASP-190 b,WASP-190,2019,12.89,1500.0,317.83,7.7095292,-40.5734613,False
4250,WASP-192 b,WASP-192,2019,13.787,1620.0,731.009,223.6587187,-38.7445469,False
4251,WASP-2 b,WASP-2,2007,12.117,1311.0,295.89973,307.7255587,6.4293305,False
4252,WASP-20 b,WASP-20,2015,16.388,1379.0,98.841,5.1605621,-23.9357894,False
4259,WASP-28 b,WASP-28,2014,13.597,1468.0,288.26,353.6162694,-1.5799849,False
4264,WASP-33 b,WASP-33,2010,17.856,2782.0,665.21819,36.7127375,37.5504441,False
4267,WASP-36 b,WASP-36,2011,14.874,1733.0,750.39663,131.5803897,-8.0269855,False
4274,WASP-42 b,WASP-42,2012,12.576,1021.0,167.49641,192.981203,-42.0736165,False
4276,WASP-44 b,WASP-44,2011,12.33,1337.0,276.5121,3.9032733,-11.9382645,False
4277,WASP-45 b,WASP-45,2011,10.604,1153.0,306.38812,5.2377567,-35.998465,False
4278,WASP-46 b,WASP-46,2011,13.159,1636.0,607.0553,318.7370122,-55.8718634,False
4285,WASP-5 b,WASP-5,2008,12.184,1706.0,502.15,359.3490277,-41.2772202,False
4286,WASP-50 b,WASP-50,2011,13.07,1395.0,466.8287,43.6880738,-10.8980242,False
4287,WASP-52 b,WASP-52,2012,14.24,1315.0,146.2,348.4947931,8.7610793,False
4288,WASP-53 b,WASP-53,2017,12.038,1053.0,677.61356,31.9091639,-20.661843,False
4293,WASP-57 b,WASP-57,2012,11.769,1338.0,204.68252,223.8199788,-2.0576866,False
4295,WASP-59 b,WASP-59,2012,8.687,670.0,274.276,349.6229547,24.889277,False
4301,WASP-64 b,WASP-64,2012,14.247,1689.0,403.945,101.1149223,-32.8583878,False
4302,WASP-65 b,WASP-65,2013,12.464,1480.0,492.62,133.3242982,8.5230171,False
4307,WASP-7 b,WASP-7,2008,14.908,1487.0,305.1168,311.0427558,-39.2254856,False
4308,WASP-70 A b,WASP-70 A,2014,13.047,1387.0,187.512,315.4771912,-13.4333821,False
4313,WASP-75 b,WASP-75,2013,14.235,1710.0,340.06,342.3858995,-10.6754686,False
4314,WASP-76 b,WASP-76,2016,20.512,2160.0,292.4036,26.632936,2.700389,False
4320,WASP-80 b,WASP-80,2012,11.198,825.0,170.99254,303.1667996,-2.1444369,False
4321,WASP-81 b,WASP-81,2017,16.018,1623.0,231.69807,304.2079924,3.2939492,False
4323,WASP-83 b,WASP-83,2015,11.657,1120.0,95.349,190.1519558,-19.2843527,False
4324,WASP-84 b,WASP-84,2014,10.559,797.0,220.565,131.1069959,1.8598933,False
4325,WASP-85 A b,WASP-85 A,2016,13.899,1452.0,402.05495,175.9080328,6.5637842,False
4328,WASP-89 b,WASP-89,2015,11.657,1120.0,1875.197,313.9000261,-18.9714084,False
4329,WASP-90 b,WASP-90,2016,18.271,1840.0,200.2329,315.5319489,7.0562793,False
4330,WASP-91 b,WASP-91,2017,11.545,1160.0,425.8922,357.846434,-70.1528621,False
4331,WASP-92 b,WASP-92,2016,16.376,1871.0,255.85315,246.6920395,51.0411328,False
4332,WASP-93 b,WASP-93,2016,17.901,1942.0,467.2101,9.4587443,51.288778,False
4336,WASP-96 b,WASP-96,2014,13.45,1285.0,152.55,1.0465696,-47.3606352,False
4338,WASP-98 b,WASP-98,2014,12.823,1171.0,293.03926,58.4290113,-34.3282716,False
4341,WD 1856+534 b,WD 1856+534,2020,10.4,163.0,4386.054,284.415675,53.5090244,False
4343,WTS-1 b,WTS-1,2012,16.7,1500.0,1274.44,293.9850284,36.2962939,False
4345,Wendelstein-1 b,Wendelstein-1,2020,11.561,2198.0,188.15536,299.0506412,17.5699627,False
4346,Wendelstein-2 b,Wendelstein-2,2020,12.993,2470.0,232.33373,297.7909214,16.9125679,False
4357,XO-5 b,XO-5,2008,12.78,1230.0,378.2,116.7163868,39.0944695,False
4358,XO-6 b,XO-6,2016,23.203,1577.0,1398.452,94.7929552,73.8275672,False
4359,XO-7 b,XO-7,2019,15.39,1743.0,225.34147,277.4780753,85.2333208,False
4387,pi Men c,HD 39091,2018,2.042,1170.0,4.82,84.2992798,-80.4646041,False
